content_id,channel,publish_date,views,clicks,utm_source,utm_campaign
CNT-00001,youtube,2023-01-13,4112,194,youtube,
CNT-00002,youtube,2023-01-25,2724,622,youtube,
CNT-00003,youtube,2023-01-23,8249,785,youtube,
CNT-00004,youtube,2023-01-14,10493,513,youtube,
CNT-00005,youtube,2023-01-26,6237,357,youtube,
CNT-00006,youtube,2023-01-05,7307,194,youtube,
CNT-00007,youtube,2023-01-03,13239,466,youtube,
CNT-00008,youtube,2023-01-16,5533,88,youtube,
CNT-00009,youtube,2023-01-14,4157,825,youtube,
CNT-00010,twitter,2023-01-17,1839,73,twitter,
CNT-00011,twitter,2023-01-12,471,110,twitter,
CNT-00012,twitter,2023-01-24,1646,72,twitter,
CNT-00013,twitter,2023-01-31,1134,26,twitter,
CNT-00014,twitter,2023-01-06,1082,96,twitter,
CNT-00015,twitter,2023-01-14,1363,23,twitter,
CNT-00016,twitter,2023-01-13,826,64,twitter,
CNT-00017,twitter,2023-01-26,1969,77,twitter,
CNT-00018,twitter,2023-01-18,958,90,twitter,
CNT-00019,twitter,2023-01-23,1086,13,twitter,
CNT-00020,twitter,2023-01-23,1305,88,twitter,
CNT-00021,twitter,2023-01-14,462,20,twitter,
CNT-00022,twitter,2023-01-06,969,107,twitter,
CNT-00023,twitter,2023-01-11,1609,94,twitter,
CNT-00024,twitter,2023-01-04,1763,46,twitter,
CNT-00025,twitter,2023-01-17,752,71,,
CNT-00026,twitter,2023-01-07,910,44,twitter,
CNT-00027,twitter,2023-01-13,976,47,twitter,
CNT-00028,twitter,2023-01-29,308,48,twitter,
CNT-00029,twitter,2023-01-25,1029,41,twitter,
CNT-00030,twitter,2023-01-21,1519,19,twitter,
CNT-00031,twitter,2023-01-11,629,95,twitter,
CNT-00032,twitter,2023-01-08,922,55,twitter,
CNT-00033,twitter,2023-01-29,1018,112,twitter,
CNT-00034,twitter,2023-01-17,761,81,twitter,
CNT-00035,twitter,2023-01-16,1188,108,twitter,
CNT-00036,twitter,2023-01-29,758,112,twitter,
CNT-00037,twitter,2023-01-06,742,81,twitter,
CNT-00038,twitter,2023-01-20,1424,55,twitter,
CNT-00039,twitter,2023-01-29,592,8,twitter,
CNT-00040,twitter,2023-01-10,1953,28,twitter,
CNT-00041,instagram,2023-01-26,3146,193,instagram,
CNT-00042,instagram,2023-01-28,3414,127,instagram,
CNT-00043,instagram,2023-01-22,2173,48,instagram,
CNT-00044,instagram,2023-01-01,2668,270,instagram,
CNT-00045,instagram,2023-01-06,2623,232,instagram,
CNT-00046,instagram,2023-01-09,3586,214,instagram,
CNT-00047,instagram,2023-01-17,3089,222,instagram,
CNT-00048,instagram,2023-01-20,3668,72,,
CNT-00049,instagram,2023-01-04,3820,38,,
CNT-00050,instagram,2023-01-02,2241,116,instagram,
CNT-00051,instagram,2023-01-31,3433,171,instagram,
CNT-00052,instagram,2023-01-04,4572,229,instagram,
CNT-00053,instagram,2023-01-06,1625,106,instagram,
CNT-00054,instagram,2023-01-29,2362,244,instagram,
CNT-00055,instagram,2023-01-14,2829,208,instagram,
CNT-00056,instagram,2023-01-07,1661,170,instagram,
CNT-00057,instagram,2023-01-13,1296,261,instagram,
CNT-00058,instagram,2023-01-19,4171,254,instagram,
CNT-00059,instagram,2023-01-06,4525,159,instagram,
CNT-00060,newsletter,2023-01-01,1381,1214,,
CNT-00061,newsletter,2023-01-21,4785,897,newsletter,
CNT-00062,newsletter,2023-01-21,816,546,newsletter,
CNT-00063,newsletter,2023-01-05,3984,166,,
CNT-00064,newsletter,2023-01-11,3562,877,newsletter,
CNT-00065,newsletter,2023-01-27,3164,1073,newsletter,
CNT-00066,podcast,2023-01-04,3643,257,podcast,podcast_sponsorship_s1
CNT-00067,podcast,2023-01-03,4083,201,podcast,podcast_sponsorship_s1
CNT-00068,podcast,2023-01-23,2874,770,podcast,podcast_sponsorship_s1
CNT-00069,blog,2023-01-22,733,91,blog,
CNT-00070,blog,2023-01-18,653,387,blog,
CNT-00071,blog,2023-01-06,1438,398,blog,
CNT-00072,blog,2023-01-20,2630,318,blog,
CNT-00073,blog,2023-01-02,3019,411,blog,
CNT-00074,blog,2023-01-10,926,85,blog,
CNT-00075,blog,2023-01-31,1928,467,blog,
CNT-00076,blog,2023-01-30,2400,78,blog,
CNT-00077,blog,2023-01-08,2062,375,blog,
CNT-00078,youtube,2023-02-27,5459,1122,youtube,
CNT-00079,youtube,2023-02-15,9340,448,,
CNT-00080,youtube,2023-02-13,2873,1190,youtube,
CNT-00081,youtube,2023-02-01,18650,1027,youtube,
CNT-00082,youtube,2023-02-04,11528,1018,,
CNT-00083,youtube,2023-02-06,13618,453,youtube,
CNT-00084,twitter,2023-02-26,1769,11,twitter,
CNT-00085,twitter,2023-02-20,665,24,twitter,
CNT-00086,twitter,2023-02-25,1832,40,twitter,
CNT-00087,twitter,2023-02-17,1561,94,twitter,
CNT-00088,twitter,2023-02-14,2068,31,twitter,
CNT-00089,twitter,2023-02-06,1796,18,,
CNT-00090,twitter,2023-02-01,1785,22,twitter,
CNT-00091,twitter,2023-02-21,800,118,twitter,
CNT-00092,twitter,2023-02-19,1651,24,twitter,
CNT-00093,twitter,2023-02-02,1172,112,twitter,
CNT-00094,twitter,2023-02-03,553,34,twitter,
CNT-00095,twitter,2023-02-16,1931,18,twitter,
CNT-00096,twitter,2023-02-08,1594,62,twitter,
CNT-00097,twitter,2023-02-04,1049,30,twitter,
CNT-00098,twitter,2023-02-05,1121,108,twitter,
CNT-00099,twitter,2023-02-22,720,80,twitter,
CNT-00100,twitter,2023-02-17,1931,103,,
CNT-00101,twitter,2023-02-08,1211,84,twitter,
CNT-00102,twitter,2023-02-17,1279,35,twitter,
CNT-00103,twitter,2023-02-19,862,29,twitter,
CNT-00104,twitter,2023-02-01,1979,56,twitter,
CNT-00105,twitter,2023-02-02,1465,28,twitter,
CNT-00106,twitter,2023-02-22,717,72,twitter,
CNT-00107,twitter,2023-02-24,918,25,twitter,
CNT-00108,twitter,2023-02-23,809,37,twitter,
CNT-00109,twitter,2023-02-01,900,23,,
CNT-00110,twitter,2023-02-28,945,48,twitter,
CNT-00111,twitter,2023-02-13,699,25,,
CNT-00112,twitter,2023-02-01,572,32,twitter,
CNT-00113,twitter,2023-02-25,1975,80,twitter,
CNT-00114,instagram,2023-02-14,727,200,instagram,
CNT-00115,instagram,2023-02-16,1875,207,instagram,
CNT-00116,instagram,2023-02-21,1336,171,instagram,
CNT-00117,instagram,2023-02-09,2234,29,,
CNT-00118,instagram,2023-02-09,1548,38,instagram,
CNT-00119,instagram,2023-02-20,2548,62,instagram,
CNT-00120,instagram,2023-02-17,512,178,,
CNT-00121,instagram,2023-02-13,864,19,instagram,
CNT-00122,instagram,2023-02-26,2813,108,instagram,
CNT-00123,instagram,2023-02-11,2162,67,instagram,
CNT-00124,instagram,2023-02-28,3358,216,instagram,
CNT-00125,instagram,2023-02-07,684,218,instagram,
CNT-00126,instagram,2023-02-16,1589,146,instagram,
CNT-00127,instagram,2023-02-02,2341,154,instagram,
CNT-00128,instagram,2023-02-07,1873,160,instagram,
CNT-00129,instagram,2023-02-01,522,190,instagram,
CNT-00130,instagram,2023-02-22,2599,39,instagram,
CNT-00131,instagram,2023-02-27,3598,78,instagram,
CNT-00132,instagram,2023-02-27,3047,78,instagram,
CNT-00133,instagram,2023-02-14,806,200,instagram,
CNT-00134,instagram,2023-02-13,2571,32,instagram,
CNT-00135,instagram,2023-02-10,1294,231,instagram,
CNT-00136,instagram,2023-02-09,2892,23,instagram,
CNT-00137,newsletter,2023-02-09,10062,839,newsletter,
CNT-00138,newsletter,2023-02-16,5838,4486,newsletter,
CNT-00139,podcast,2023-02-27,2570,320,podcast,podcast_sponsorship_s1
CNT-00140,podcast,2023-02-15,1846,146,podcast,podcast_sponsorship_s1
CNT-00141,podcast,2023-02-26,2810,383,podcast,podcast_sponsorship_s1
CNT-00142,podcast,2023-02-03,1597,283,podcast,podcast_sponsorship_s1
CNT-00143,blog,2023-02-11,5684,845,blog,
CNT-00144,blog,2023-02-03,969,167,blog,
CNT-00145,blog,2023-02-03,931,987,blog,
CNT-00146,blog,2023-02-08,2871,195,blog,
CNT-00147,youtube,2023-03-10,3095,398,youtube,spring_launch_2023
CNT-00148,youtube,2023-03-03,7527,251,youtube,spring_launch_2023
CNT-00149,youtube,2023-03-07,4341,258,,spring_launch_2023
CNT-00150,youtube,2023-03-21,11026,350,youtube,spring_launch_2023
CNT-00151,youtube,2023-03-07,4844,72,youtube,spring_launch_2023
CNT-00152,youtube,2023-03-30,6896,473,youtube,spring_launch_2023
CNT-00153,youtube,2023-03-07,9473,445,youtube,spring_launch_2023
CNT-00154,youtube,2023-03-23,6125,149,youtube,spring_launch_2023
CNT-00155,youtube,2023-03-06,8648,583,youtube,spring_launch_2023
CNT-00156,youtube,2023-03-01,1527,423,youtube,spring_launch_2023
CNT-00157,youtube,2023-03-14,1821,385,youtube,spring_launch_2023
CNT-00158,twitter,2023-03-10,1667,25,twitter,
CNT-00159,twitter,2023-03-31,1563,18,twitter,
CNT-00160,twitter,2023-03-02,1382,43,twitter,
CNT-00161,twitter,2023-03-06,303,73,twitter,
CNT-00162,twitter,2023-03-14,1725,64,twitter,
CNT-00163,twitter,2023-03-21,1665,47,twitter,
CNT-00164,twitter,2023-03-07,1921,44,,
CNT-00165,twitter,2023-03-22,403,7,twitter,
CNT-00166,twitter,2023-03-19,641,20,twitter,
CNT-00167,twitter,2023-03-10,1942,36,twitter,
CNT-00168,twitter,2023-03-05,1380,110,twitter,
CNT-00169,twitter,2023-03-23,1371,88,twitter,
CNT-00170,twitter,2023-03-18,1107,35,twitter,
CNT-00171,twitter,2023-03-17,1183,35,twitter,
CNT-00172,twitter,2023-03-13,393,108,,
CNT-00173,twitter,2023-03-16,627,75,twitter,
CNT-00174,twitter,2023-03-10,649,60,,
CNT-00175,twitter,2023-03-15,1628,14,twitter,
CNT-00176,twitter,2023-03-31,456,75,twitter,
CNT-00177,twitter,2023-03-25,1506,110,,
CNT-00178,twitter,2023-03-27,605,84,,
CNT-00179,twitter,2023-03-07,1339,87,twitter,
CNT-00180,twitter,2023-03-23,239,83,twitter,
CNT-00181,twitter,2023-03-05,1927,52,twitter,
CNT-00182,twitter,2023-03-28,1810,65,twitter,
CNT-00183,twitter,2023-03-20,270,94,twitter,
CNT-00184,twitter,2023-03-10,331,10,twitter,
CNT-00185,twitter,2023-03-13,1692,106,twitter,
CNT-00186,twitter,2023-03-05,722,44,twitter,
CNT-00187,twitter,2023-03-23,1817,90,twitter,
CNT-00188,twitter,2023-03-12,1156,28,twitter,
CNT-00189,twitter,2023-03-22,688,61,twitter,
CNT-00190,instagram,2023-03-13,3608,221,instagram,
CNT-00191,instagram,2023-03-20,1880,20,instagram,
CNT-00192,instagram,2023-03-01,3587,84,instagram,
CNT-00193,instagram,2023-03-29,4667,255,instagram,
CNT-00194,instagram,2023-03-28,1534,91,instagram,
CNT-00195,instagram,2023-03-13,1273,94,instagram,
CNT-00196,instagram,2023-03-01,1249,149,instagram,
CNT-00197,instagram,2023-03-27,2642,109,instagram,
CNT-00198,instagram,2023-03-11,3007,213,,
CNT-00199,instagram,2023-03-13,2956,184,instagram,
CNT-00200,instagram,2023-03-15,1490,52,instagram,
CNT-00201,instagram,2023-03-11,3890,168,instagram,
CNT-00202,instagram,2023-03-07,3595,45,instagram,
CNT-00203,instagram,2023-03-25,1641,296,instagram,
CNT-00204,instagram,2023-03-08,3630,288,instagram,
CNT-00205,instagram,2023-03-03,1372,222,instagram,
CNT-00206,instagram,2023-03-16,2207,224,instagram,
CNT-00207,instagram,2023-03-11,2746,287,instagram,
CNT-00208,newsletter,2023-03-14,3454,858,newsletter,
CNT-00209,newsletter,2023-03-24,5172,833,newsletter,
CNT-00210,newsletter,2023-03-19,2407,1096,newsletter,
CNT-00211,newsletter,2023-03-15,2830,631,newsletter,
CNT-00212,newsletter,2023-03-20,3451,728,newsletter,
CNT-00213,newsletter,2023-03-25,1105,125,newsletter,
CNT-00214,newsletter,2023-03-22,2785,231,newsletter,
CNT-00215,podcast,2023-03-14,3608,172,,podcast_sponsorship_s1
CNT-00216,podcast,2023-03-07,924,382,podcast,podcast_sponsorship_s1
CNT-00217,podcast,2023-03-18,1992,274,podcast,podcast_sponsorship_s1
CNT-00218,podcast,2023-03-28,481,88,podcast,podcast_sponsorship_s1
CNT-00219,podcast,2023-03-05,3840,377,podcast,podcast_sponsorship_s1
CNT-00220,blog,2023-03-23,4893,720,blog,blog_seo_push
CNT-00221,blog,2023-03-02,1447,707,blog,blog_seo_push
CNT-00222,blog,2023-03-07,2875,54,blog,blog_seo_push
CNT-00223,blog,2023-03-16,2150,306,blog,blog_seo_push
CNT-00224,blog,2023-03-11,1673,62,blog,blog_seo_push
CNT-00225,blog,2023-03-06,3159,78,blog,blog_seo_push
CNT-00226,youtube,2023-04-26,15890,985,youtube,spring_launch_2023
CNT-00227,youtube,2023-04-27,15308,411,youtube,spring_launch_2023
CNT-00228,youtube,2023-04-16,7395,373,youtube,spring_launch_2023
CNT-00229,youtube,2023-04-21,9910,540,youtube,spring_launch_2023
CNT-00230,youtube,2023-04-20,3559,179,youtube,spring_launch_2023
CNT-00231,youtube,2023-04-14,13327,995,youtube,spring_launch_2023
CNT-00232,youtube,2023-04-30,13217,246,youtube,spring_launch_2023
CNT-00233,twitter,2023-04-11,1393,108,twitter,
CNT-00234,twitter,2023-04-29,1866,104,twitter,
CNT-00235,twitter,2023-04-20,1657,77,twitter,
CNT-00236,twitter,2023-04-18,369,77,,
CNT-00237,twitter,2023-04-03,1404,19,twitter,
CNT-00238,twitter,2023-04-11,1913,97,,
CNT-00239,twitter,2023-04-05,1185,91,twitter,
CNT-00240,twitter,2023-04-27,1353,98,twitter,
CNT-00241,twitter,2023-04-13,695,84,twitter,
CNT-00242,twitter,2023-04-29,1454,89,twitter,
CNT-00243,twitter,2023-04-22,340,10,twitter,
CNT-00244,twitter,2023-04-16,483,21,twitter,
CNT-00245,twitter,2023-04-19,679,40,twitter,
CNT-00246,twitter,2023-04-08,669,105,twitter,
CNT-00247,twitter,2023-04-03,1621,25,twitter,
CNT-00248,twitter,2023-04-22,565,58,twitter,
CNT-00249,twitter,2023-04-20,1674,99,twitter,
CNT-00250,twitter,2023-04-30,970,61,twitter,
CNT-00251,twitter,2023-04-28,1743,54,twitter,
CNT-00252,twitter,2023-04-25,718,11,twitter,
CNT-00253,twitter,2023-04-11,1904,89,twitter,
CNT-00254,twitter,2023-04-18,1443,11,,
CNT-00255,twitter,2023-04-07,701,96,,
CNT-00256,twitter,2023-04-03,526,33,twitter,
CNT-00257,twitter,2023-04-03,370,83,twitter,
CNT-00258,twitter,2023-04-26,1736,46,twitter,
CNT-00259,twitter,2023-04-15,896,12,twitter,
CNT-00260,twitter,2023-04-07,1115,41,,
CNT-00261,twitter,2023-04-06,1418,76,twitter,
CNT-00262,twitter,2023-04-02,1330,78,,
CNT-00263,twitter,2023-04-18,777,75,twitter,
CNT-00264,twitter,2023-04-04,698,65,twitter,
CNT-00265,instagram,2023-04-02,1282,244,instagram,
CNT-00266,instagram,2023-04-06,1446,67,instagram,
CNT-00267,instagram,2023-04-03,3098,286,instagram,
CNT-00268,instagram,2023-04-26,1619,253,instagram,
CNT-00269,instagram,2023-04-18,660,192,instagram,
CNT-00270,instagram,2023-04-15,3233,228,instagram,
CNT-00271,instagram,2023-04-17,2471,176,instagram,
CNT-00272,instagram,2023-04-15,2881,281,instagram,
CNT-00273,instagram,2023-04-25,1631,163,instagram,
CNT-00274,instagram,2023-04-29,1161,263,instagram,
CNT-00275,instagram,2023-04-06,3159,267,instagram,
CNT-00276,instagram,2023-04-17,3088,232,instagram,
CNT-00277,instagram,2023-04-01,1789,72,instagram,
CNT-00278,instagram,2023-04-29,3143,40,instagram,
CNT-00279,instagram,2023-04-17,3777,121,instagram,
CNT-00280,instagram,2023-04-21,3922,117,instagram,
CNT-00281,instagram,2023-04-06,2052,208,instagram,
CNT-00282,instagram,2023-04-09,1772,191,instagram,
CNT-00283,newsletter,2023-04-26,2917,772,newsletter,newsletter_growth_q2
CNT-00284,newsletter,2023-04-21,1855,1218,newsletter,newsletter_growth_q2
CNT-00285,newsletter,2023-04-07,5004,450,,newsletter_growth_q2
CNT-00286,newsletter,2023-04-15,1964,1105,,newsletter_growth_q2
CNT-00287,newsletter,2023-04-30,2429,238,newsletter,newsletter_growth_q2
CNT-00288,newsletter,2023-04-18,1067,552,newsletter,newsletter_growth_q2
CNT-00289,newsletter,2023-04-19,3498,730,newsletter,newsletter_growth_q2
CNT-00290,podcast,2023-04-26,5703,619,podcast,podcast_sponsorship_s1
CNT-00291,podcast,2023-04-14,3883,646,podcast,podcast_sponsorship_s1
CNT-00292,blog,2023-04-29,2164,292,,blog_seo_push
CNT-00293,blog,2023-04-03,1951,489,blog,blog_seo_push
CNT-00294,blog,2023-04-08,1587,91,blog,blog_seo_push
CNT-00295,blog,2023-04-21,3590,452,blog,blog_seo_push
CNT-00296,blog,2023-04-23,1388,332,blog,blog_seo_push
CNT-00297,blog,2023-04-19,2024,60,blog,blog_seo_push
CNT-00298,blog,2023-04-27,2657,477,blog,blog_seo_push
CNT-00299,blog,2023-04-24,638,145,blog,blog_seo_push
CNT-00300,youtube,2023-05-06,8179,591,youtube,
CNT-00301,youtube,2023-05-19,6891,287,youtube,
CNT-00302,youtube,2023-05-29,2503,313,youtube,
CNT-00303,youtube,2023-05-08,11777,777,,
CNT-00304,youtube,2023-05-08,7931,423,youtube,
CNT-00305,youtube,2023-05-26,10608,511,youtube,
CNT-00306,youtube,2023-05-20,5653,188,youtube,
CNT-00307,youtube,2023-05-08,3399,416,youtube,
CNT-00308,youtube,2023-05-12,10153,328,youtube,
CNT-00309,twitter,2023-05-07,1231,89,,
CNT-00310,twitter,2023-05-22,1990,72,twitter,
CNT-00311,twitter,2023-05-30,451,79,twitter,
CNT-00312,twitter,2023-05-16,304,35,twitter,
CNT-00313,twitter,2023-05-21,1030,25,twitter,
CNT-00314,twitter,2023-05-13,1545,117,twitter,
CNT-00315,twitter,2023-05-23,392,100,twitter,
CNT-00316,twitter,2023-05-02,1750,58,twitter,
CNT-00317,twitter,2023-05-26,1992,24,twitter,
CNT-00318,twitter,2023-05-18,898,40,twitter,
CNT-00319,twitter,2023-05-16,848,52,twitter,
CNT-00320,twitter,2023-05-30,1812,97,twitter,
CNT-00321,twitter,2023-05-01,412,127,twitter,
CNT-00322,twitter,2023-05-02,1295,117,twitter,
CNT-00323,twitter,2023-05-27,837,12,twitter,
CNT-00324,twitter,2023-05-02,1196,27,twitter,
CNT-00325,twitter,2023-05-21,1007,12,twitter,
CNT-00326,twitter,2023-05-19,1209,78,twitter,
CNT-00327,twitter,2023-05-02,664,113,twitter,
CNT-00328,twitter,2023-05-05,693,94,twitter,
CNT-00329,twitter,2023-05-04,1196,21,twitter,
CNT-00330,twitter,2023-05-20,2034,128,twitter,
CNT-00331,twitter,2023-05-02,1743,27,twitter,
CNT-00332,twitter,2023-05-08,766,118,twitter,
CNT-00333,twitter,2023-05-05,309,42,twitter,
CNT-00334,twitter,2023-05-07,1018,76,twitter,
CNT-00335,twitter,2023-05-04,1281,116,twitter,
CNT-00336,twitter,2023-05-26,371,52,twitter,
CNT-00337,instagram,2023-05-11,597,229,instagram,
CNT-00338,instagram,2023-05-17,586,157,instagram,
CNT-00339,instagram,2023-05-29,3717,209,instagram,
CNT-00340,instagram,2023-05-28,1481,210,instagram,
CNT-00341,instagram,2023-05-23,1217,258,instagram,
CNT-00342,instagram,2023-05-26,708,112,,
CNT-00343,instagram,2023-05-23,4349,254,instagram,
CNT-00344,instagram,2023-05-03,1544,33,instagram,
CNT-00345,instagram,2023-05-03,3043,134,instagram,
CNT-00346,instagram,2023-05-17,950,250,instagram,
CNT-00347,instagram,2023-05-24,1103,274,instagram,
CNT-00348,instagram,2023-05-11,4489,87,instagram,
CNT-00349,instagram,2023-05-03,1416,239,instagram,
CNT-00350,instagram,2023-05-16,3357,110,instagram,
CNT-00351,instagram,2023-05-19,1644,284,instagram,
CNT-00352,instagram,2023-05-21,1043,22,instagram,
CNT-00353,instagram,2023-05-03,4103,110,instagram,
CNT-00354,instagram,2023-05-07,4152,187,instagram,
CNT-00355,instagram,2023-05-23,2358,71,instagram,
CNT-00356,newsletter,2023-05-27,7628,1971,,newsletter_growth_q2
CNT-00357,newsletter,2023-05-19,1517,977,newsletter,newsletter_growth_q2
CNT-00358,newsletter,2023-05-10,3635,340,newsletter,newsletter_growth_q2
CNT-00359,newsletter,2023-05-02,1707,1822,newsletter,newsletter_growth_q2
CNT-00360,podcast,2023-05-28,972,111,podcast,podcast_sponsorship_s1
CNT-00361,podcast,2023-05-06,1015,244,podcast,podcast_sponsorship_s1
CNT-00362,podcast,2023-05-01,1351,383,podcast,podcast_sponsorship_s1
CNT-00363,podcast,2023-05-23,1488,226,podcast,podcast_sponsorship_s1
CNT-00364,podcast,2023-05-08,2576,243,podcast,podcast_sponsorship_s1
CNT-00365,podcast,2023-05-08,3008,66,podcast,podcast_sponsorship_s1
CNT-00366,blog,2023-05-24,1441,714,blog,blog_seo_push
CNT-00367,blog,2023-05-30,6437,493,blog,blog_seo_push
CNT-00368,blog,2023-05-19,7284,937,blog,blog_seo_push
CNT-00369,blog,2023-05-08,3204,1005,blog,blog_seo_push
CNT-00370,youtube,2023-06-13,4667,332,youtube,
CNT-00371,youtube,2023-06-26,5461,491,youtube,
CNT-00372,youtube,2023-06-20,10246,254,youtube,
CNT-00373,youtube,2023-06-21,9453,388,youtube,
CNT-00374,youtube,2023-06-30,9564,821,youtube,
CNT-00375,youtube,2023-06-15,9050,325,youtube,
CNT-00376,youtube,2023-06-07,5452,314,youtube,
CNT-00377,youtube,2023-06-10,15019,651,youtube,
CNT-00378,twitter,2023-06-28,1735,21,twitter,
CNT-00379,twitter,2023-06-04,1991,72,twitter,
CNT-00380,twitter,2023-06-01,1239,71,twitter,
CNT-00381,twitter,2023-06-20,627,19,twitter,
CNT-00382,twitter,2023-06-17,652,41,twitter,
CNT-00383,twitter,2023-06-23,2000,70,twitter,
CNT-00384,twitter,2023-06-04,456,26,twitter,
CNT-00385,twitter,2023-06-18,582,75,twitter,
CNT-00386,twitter,2023-06-18,1769,62,twitter,
CNT-00387,twitter,2023-06-12,508,27,twitter,
CNT-00388,twitter,2023-06-01,893,36,,
CNT-00389,twitter,2023-06-17,887,39,twitter,
CNT-00390,twitter,2023-06-29,1794,28,twitter,
CNT-00391,twitter,2023-06-09,1812,17,twitter,
CNT-00392,twitter,2023-06-04,837,7,twitter,
CNT-00393,twitter,2023-06-29,427,46,twitter,
CNT-00394,twitter,2023-06-14,1068,14,twitter,
CNT-00395,twitter,2023-06-16,921,56,twitter,
CNT-00396,twitter,2023-06-29,1016,71,twitter,
CNT-00397,twitter,2023-06-28,455,79,twitter,
CNT-00398,twitter,2023-06-28,1869,26,twitter,
CNT-00399,twitter,2023-06-18,928,9,twitter,
CNT-00400,twitter,2023-06-02,242,15,,
CNT-00401,twitter,2023-06-14,910,41,twitter,
CNT-00402,twitter,2023-06-13,461,76,twitter,
CNT-00403,twitter,2023-06-04,1003,30,twitter,
CNT-00404,twitter,2023-06-02,1639,7,twitter,
CNT-00405,twitter,2023-06-03,328,26,twitter,
CNT-00406,twitter,2023-06-03,814,82,twitter,
CNT-00407,twitter,2023-06-12,1416,88,twitter,
CNT-00408,twitter,2023-06-04,1156,84,,
CNT-00409,instagram,2023-06-05,1656,148,instagram,
CNT-00410,instagram,2023-06-15,2045,164,instagram,summer_education_push
CNT-00411,instagram,2023-06-04,830,101,instagram,
CNT-00412,instagram,2023-06-24,713,185,instagram,summer_education_push
CNT-00413,instagram,2023-06-15,1767,231,instagram,summer_education_push
CNT-00414,instagram,2023-06-11,547,81,instagram,
CNT-00415,instagram,2023-06-13,3072,28,instagram,
CNT-00416,instagram,2023-06-30,3203,168,instagram,summer_education_push
CNT-00417,instagram,2023-06-20,1508,146,,summer_education_push
CNT-00418,instagram,2023-06-02,969,81,instagram,
CNT-00419,instagram,2023-06-12,692,45,instagram,
CNT-00420,instagram,2023-06-23,1372,59,instagram,summer_education_push
CNT-00421,instagram,2023-06-30,1392,178,instagram,summer_education_push
CNT-00422,instagram,2023-06-01,887,49,instagram,
CNT-00423,instagram,2023-06-11,546,138,instagram,
CNT-00424,instagram,2023-06-18,1717,100,instagram,summer_education_push
CNT-00425,instagram,2023-06-10,1911,106,instagram,
CNT-00426,instagram,2023-06-04,1272,103,,
CNT-00427,instagram,2023-06-10,1219,199,instagram,
CNT-00428,instagram,2023-06-13,2481,120,instagram,
CNT-00429,instagram,2023-06-14,520,190,instagram,
CNT-00430,instagram,2023-06-07,2808,24,instagram,
CNT-00431,instagram,2023-06-02,2155,17,instagram,
CNT-00432,newsletter,2023-06-07,1822,313,newsletter,newsletter_growth_q2
CNT-00433,newsletter,2023-06-25,3701,305,newsletter,newsletter_growth_q2
CNT-00434,newsletter,2023-06-23,5013,668,newsletter,newsletter_growth_q2
CNT-00435,newsletter,2023-06-14,2363,586,newsletter,newsletter_growth_q2
CNT-00436,newsletter,2023-06-23,1354,1172,newsletter,newsletter_growth_q2
CNT-00437,newsletter,2023-06-26,749,426,newsletter,newsletter_growth_q2
CNT-00438,newsletter,2023-06-24,4774,1131,newsletter,newsletter_growth_q2
CNT-00439,podcast,2023-06-22,2339,534,,podcast_sponsorship_s1
CNT-00440,podcast,2023-06-27,5062,647,podcast,podcast_sponsorship_s1
CNT-00441,podcast,2023-06-24,5588,396,podcast,podcast_sponsorship_s1
CNT-00442,blog,2023-06-05,930,471,blog,blog_seo_push
CNT-00443,blog,2023-06-15,4062,85,blog,blog_seo_push
CNT-00444,blog,2023-06-19,1917,315,blog,blog_seo_push
CNT-00445,blog,2023-06-06,1753,56,blog,blog_seo_push
CNT-00446,blog,2023-06-11,1389,454,blog,blog_seo_push
CNT-00447,blog,2023-06-15,2095,109,blog,blog_seo_push
CNT-00448,blog,2023-06-03,1014,82,blog,blog_seo_push
CNT-00449,youtube,2023-07-11,13171,683,youtube,auto_repair_awareness
CNT-00450,youtube,2023-07-12,15704,977,youtube,auto_repair_awareness
CNT-00451,youtube,2023-07-05,10276,311,,auto_repair_awareness
CNT-00452,youtube,2023-07-16,11568,734,youtube,auto_repair_awareness
CNT-00453,youtube,2023-07-21,14856,935,youtube,auto_repair_awareness
CNT-00454,youtube,2023-07-23,12278,716,youtube,auto_repair_awareness
CNT-00455,youtube,2023-07-02,14861,284,youtube,auto_repair_awareness
CNT-00456,twitter,2023-07-28,1536,70,twitter,
CNT-00457,twitter,2023-07-31,1830,41,twitter,
CNT-00458,twitter,2023-07-24,925,49,twitter,
CNT-00459,twitter,2023-07-28,1926,84,twitter,
CNT-00460,twitter,2023-07-15,614,53,,
CNT-00461,twitter,2023-07-26,792,48,twitter,
CNT-00462,twitter,2023-07-13,482,29,twitter,
CNT-00463,twitter,2023-07-03,799,82,twitter,
CNT-00464,twitter,2023-07-15,1718,66,twitter,
CNT-00465,twitter,2023-07-16,572,11,,
CNT-00466,twitter,2023-07-22,1566,42,twitter,
CNT-00467,twitter,2023-07-08,958,94,,
CNT-00468,twitter,2023-07-09,360,98,twitter,
CNT-00469,twitter,2023-07-27,718,75,twitter,
CNT-00470,twitter,2023-07-15,1272,98,twitter,
CNT-00471,twitter,2023-07-13,1204,102,twitter,
CNT-00472,twitter,2023-07-31,1416,100,twitter,
CNT-00473,twitter,2023-07-04,684,59,twitter,
CNT-00474,twitter,2023-07-19,1460,38,twitter,
CNT-00475,twitter,2023-07-03,335,103,twitter,
CNT-00476,twitter,2023-07-18,2002,104,twitter,
CNT-00477,twitter,2023-07-10,1463,92,twitter,
CNT-00478,twitter,2023-07-09,1041,70,twitter,
CNT-00479,twitter,2023-07-07,1670,92,twitter,
CNT-00480,twitter,2023-07-17,1964,16,twitter,
CNT-00481,twitter,2023-07-02,1429,17,,
CNT-00482,twitter,2023-07-04,849,49,twitter,
CNT-00483,twitter,2023-07-10,411,13,twitter,
CNT-00484,twitter,2023-07-26,1104,33,twitter,
CNT-00485,twitter,2023-07-27,858,24,twitter,
CNT-00486,twitter,2023-07-10,1165,114,twitter,
CNT-00487,instagram,2023-07-16,3694,203,instagram,summer_education_push
CNT-00488,instagram,2023-07-22,3536,157,instagram,summer_education_push
CNT-00489,instagram,2023-07-19,3198,137,instagram,summer_education_push
CNT-00490,instagram,2023-07-25,1114,106,instagram,summer_education_push
CNT-00491,instagram,2023-07-24,1087,16,instagram,summer_education_push
CNT-00492,instagram,2023-07-03,1576,204,instagram,summer_education_push
CNT-00493,instagram,2023-07-12,2669,96,instagram,summer_education_push
CNT-00494,instagram,2023-07-19,2445,210,instagram,summer_education_push
CNT-00495,instagram,2023-07-02,2637,145,instagram,summer_education_push
CNT-00496,instagram,2023-07-08,2334,157,instagram,summer_education_push
CNT-00497,instagram,2023-07-21,1109,204,instagram,summer_education_push
CNT-00498,instagram,2023-07-17,3155,78,instagram,summer_education_push
CNT-00499,instagram,2023-07-14,3769,135,instagram,summer_education_push
CNT-00500,instagram,2023-07-09,2443,208,instagram,summer_education_push
CNT-00501,instagram,2023-07-26,2498,110,instagram,summer_education_push
CNT-00502,instagram,2023-07-13,3284,112,instagram,summer_education_push
CNT-00503,instagram,2023-07-16,1228,137,instagram,summer_education_push
CNT-00504,instagram,2023-07-17,3335,96,instagram,summer_education_push
CNT-00505,instagram,2023-07-14,3657,218,instagram,summer_education_push
CNT-00506,instagram,2023-07-23,1651,45,instagram,summer_education_push
CNT-00507,instagram,2023-07-31,3228,223,instagram,summer_education_push
CNT-00508,instagram,2023-07-18,2021,129,instagram,summer_education_push
CNT-00509,instagram,2023-07-28,848,53,instagram,summer_education_push
CNT-00510,newsletter,2023-07-20,3256,2820,newsletter,
CNT-00511,newsletter,2023-07-13,12947,3431,newsletter,
CNT-00512,podcast,2023-07-19,2242,208,podcast,podcast_sponsorship_s2
CNT-00513,podcast,2023-07-06,1195,247,podcast,podcast_sponsorship_s2
CNT-00514,podcast,2023-07-11,3110,375,podcast,podcast_sponsorship_s2
CNT-00515,podcast,2023-07-31,2311,105,podcast,podcast_sponsorship_s2
CNT-00516,podcast,2023-07-08,3275,351,podcast,podcast_sponsorship_s2
CNT-00517,podcast,2023-07-28,1417,146,podcast,podcast_sponsorship_s2
CNT-00518,blog,2023-07-06,2469,76,blog,blog_seo_push
CNT-00519,blog,2023-07-28,1789,188,,blog_seo_push
CNT-00520,blog,2023-07-11,1192,179,blog,blog_seo_push
CNT-00521,blog,2023-07-10,1035,297,blog,blog_seo_push
CNT-00522,blog,2023-07-29,840,458,blog,blog_seo_push
CNT-00523,blog,2023-07-04,1725,466,blog,blog_seo_push
CNT-00524,blog,2023-07-30,738,77,blog,blog_seo_push
CNT-00525,blog,2023-07-25,1319,541,blog,blog_seo_push
CNT-00526,youtube,2023-08-18,10173,460,youtube,auto_repair_awareness
CNT-00527,youtube,2023-08-12,11845,190,youtube,auto_repair_awareness
CNT-00528,youtube,2023-08-25,7330,614,youtube,auto_repair_awareness
CNT-00529,youtube,2023-08-20,4074,258,youtube,auto_repair_awareness
CNT-00530,youtube,2023-08-21,9414,170,youtube,auto_repair_awareness
CNT-00531,youtube,2023-08-25,9982,387,youtube,auto_repair_awareness
CNT-00532,youtube,2023-08-02,11821,224,youtube,auto_repair_awareness
CNT-00533,youtube,2023-08-04,11561,489,youtube,auto_repair_awareness
CNT-00534,youtube,2023-08-13,10159,714,youtube,auto_repair_awareness
CNT-00535,youtube,2023-08-23,11080,694,youtube,auto_repair_awareness
CNT-00536,twitter,2023-08-02,1161,55,twitter,
CNT-00537,twitter,2023-08-06,421,67,twitter,
CNT-00538,twitter,2023-08-31,1288,80,twitter,
CNT-00539,twitter,2023-08-16,1156,40,twitter,
CNT-00540,twitter,2023-08-21,1056,97,twitter,
CNT-00541,twitter,2023-08-28,1545,65,twitter,
CNT-00542,twitter,2023-08-03,1708,56,twitter,
CNT-00543,twitter,2023-08-04,1362,31,twitter,
CNT-00544,twitter,2023-08-17,1137,37,twitter,
CNT-00545,twitter,2023-08-20,1798,11,twitter,
CNT-00546,twitter,2023-08-25,1453,64,,
CNT-00547,twitter,2023-08-01,1617,91,twitter,
CNT-00548,twitter,2023-08-07,912,69,twitter,
CNT-00549,twitter,2023-08-03,332,17,twitter,
CNT-00550,twitter,2023-08-27,1252,35,twitter,
CNT-00551,twitter,2023-08-25,737,103,twitter,
CNT-00552,twitter,2023-08-09,1351,49,twitter,
CNT-00553,twitter,2023-08-02,328,98,twitter,
CNT-00554,twitter,2023-08-14,1182,102,twitter,
CNT-00555,twitter,2023-08-21,1196,62,twitter,
CNT-00556,twitter,2023-08-23,243,80,twitter,
CNT-00557,twitter,2023-08-08,1387,61,twitter,
CNT-00558,twitter,2023-08-11,1775,42,twitter,
CNT-00559,twitter,2023-08-22,454,8,twitter,
CNT-00560,twitter,2023-08-27,837,89,twitter,
CNT-00561,twitter,2023-08-21,850,79,twitter,
CNT-00562,twitter,2023-08-10,823,61,twitter,
CNT-00563,twitter,2023-08-15,1339,11,twitter,
CNT-00564,twitter,2023-08-06,1874,77,twitter,
CNT-00565,twitter,2023-08-22,529,83,twitter,
CNT-00566,twitter,2023-08-21,1138,36,twitter,
CNT-00567,twitter,2023-08-26,399,30,twitter,
CNT-00568,twitter,2023-08-27,386,14,twitter,
CNT-00569,instagram,2023-08-27,3813,59,instagram,summer_education_push
CNT-00570,instagram,2023-08-04,2267,97,instagram,summer_education_push
CNT-00571,instagram,2023-08-23,3344,203,instagram,summer_education_push
CNT-00572,instagram,2023-08-26,3918,53,instagram,summer_education_push
CNT-00573,instagram,2023-08-05,2972,143,instagram,summer_education_push
CNT-00574,instagram,2023-08-30,3111,182,instagram,summer_education_push
CNT-00575,instagram,2023-08-21,1191,111,instagram,summer_education_push
CNT-00576,instagram,2023-08-26,1640,67,instagram,summer_education_push
CNT-00577,instagram,2023-08-02,1244,165,instagram,summer_education_push
CNT-00578,instagram,2023-08-03,2002,25,instagram,summer_education_push
CNT-00579,instagram,2023-08-19,2504,20,instagram,summer_education_push
CNT-00580,instagram,2023-08-03,704,100,instagram,summer_education_push
CNT-00581,instagram,2023-08-01,3920,166,instagram,summer_education_push
CNT-00582,instagram,2023-08-13,1087,69,instagram,summer_education_push
CNT-00583,instagram,2023-08-01,3630,161,instagram,summer_education_push
CNT-00584,instagram,2023-08-03,3859,224,instagram,summer_education_push
CNT-00585,instagram,2023-08-14,1303,202,instagram,summer_education_push
CNT-00586,instagram,2023-08-30,3256,223,instagram,summer_education_push
CNT-00587,instagram,2023-08-16,3726,200,instagram,summer_education_push
CNT-00588,instagram,2023-08-22,619,84,instagram,summer_education_push
CNT-00589,instagram,2023-08-31,1696,67,,summer_education_push
CNT-00590,instagram,2023-08-17,1860,212,instagram,summer_education_push
CNT-00591,newsletter,2023-08-28,1918,271,newsletter,
CNT-00592,newsletter,2023-08-08,3296,882,newsletter,
CNT-00593,newsletter,2023-08-26,4381,1344,,
CNT-00594,newsletter,2023-08-24,4962,323,newsletter,
CNT-00595,newsletter,2023-08-26,4956,1468,newsletter,
CNT-00596,newsletter,2023-08-10,4184,301,newsletter,
CNT-00597,podcast,2023-08-17,1829,164,podcast,podcast_sponsorship_s2
CNT-00598,podcast,2023-08-25,1481,164,podcast,podcast_sponsorship_s2
CNT-00599,podcast,2023-08-19,1006,283,podcast,podcast_sponsorship_s2
CNT-00600,podcast,2023-08-28,2802,233,podcast,podcast_sponsorship_s2
CNT-00601,podcast,2023-08-25,2319,264,podcast,podcast_sponsorship_s2
CNT-00602,podcast,2023-08-06,2621,304,podcast,podcast_sponsorship_s2
CNT-00603,podcast,2023-08-16,1782,49,podcast,podcast_sponsorship_s2
CNT-00604,blog,2023-08-16,1321,438,blog,blog_seo_push
CNT-00605,blog,2023-08-05,1362,422,blog,blog_seo_push
CNT-00606,blog,2023-08-06,4262,304,blog,blog_seo_push
CNT-00607,blog,2023-08-01,4131,410,blog,blog_seo_push
CNT-00608,blog,2023-08-26,2580,632,blog,blog_seo_push
CNT-00609,blog,2023-08-06,2919,270,blog,blog_seo_push
CNT-00610,blog,2023-08-01,4016,364,blog,blog_seo_push
CNT-00611,youtube,2023-09-11,2362,98,youtube,auto_repair_awareness
CNT-00612,youtube,2023-09-27,5538,422,youtube,auto_repair_awareness
CNT-00613,youtube,2023-09-17,8163,504,youtube,auto_repair_awareness
CNT-00614,youtube,2023-09-25,11016,455,youtube,auto_repair_awareness
CNT-00615,youtube,2023-09-23,8635,574,youtube,auto_repair_awareness
CNT-00616,youtube,2023-09-03,9855,57,youtube,auto_repair_awareness
CNT-00617,youtube,2023-09-07,2632,602,youtube,auto_repair_awareness
CNT-00618,youtube,2023-09-30,9041,283,,auto_repair_awareness
CNT-00619,youtube,2023-09-28,6766,291,youtube,auto_repair_awareness
CNT-00620,youtube,2023-09-02,6805,653,youtube,auto_repair_awareness
CNT-00621,youtube,2023-09-01,7832,243,youtube,auto_repair_awareness
CNT-00622,twitter,2023-09-16,1796,108,twitter,
CNT-00623,twitter,2023-09-01,1751,38,twitter,
CNT-00624,twitter,2023-09-25,360,99,twitter,
CNT-00625,twitter,2023-09-05,425,88,twitter,
CNT-00626,twitter,2023-09-23,1541,94,twitter,
CNT-00627,twitter,2023-09-09,562,26,twitter,
CNT-00628,twitter,2023-09-14,511,92,twitter,
CNT-00629,twitter,2023-09-07,1367,59,twitter,
CNT-00630,twitter,2023-09-19,1239,56,twitter,
CNT-00631,twitter,2023-09-29,1105,81,twitter,
CNT-00632,twitter,2023-09-15,889,11,twitter,
CNT-00633,twitter,2023-09-02,299,57,twitter,
CNT-00634,twitter,2023-09-22,1464,37,twitter,
CNT-00635,twitter,2023-09-27,430,33,twitter,
CNT-00636,twitter,2023-09-28,491,23,twitter,
CNT-00637,twitter,2023-09-11,870,61,twitter,
CNT-00638,twitter,2023-09-10,829,56,twitter,
CNT-00639,twitter,2023-09-17,754,36,twitter,
CNT-00640,twitter,2023-09-15,1054,47,twitter,
CNT-00641,twitter,2023-09-21,513,102,twitter,
CNT-00642,twitter,2023-09-13,691,42,twitter,
CNT-00643,twitter,2023-09-20,915,39,twitter,
CNT-00644,twitter,2023-09-24,732,53,twitter,
CNT-00645,twitter,2023-09-12,429,19,twitter,
CNT-00646,twitter,2023-09-25,323,47,twitter,
CNT-00647,twitter,2023-09-16,949,54,twitter,
CNT-00648,twitter,2023-09-17,1735,55,twitter,
CNT-00649,twitter,2023-09-30,1868,69,twitter,
CNT-00650,twitter,2023-09-29,1847,48,twitter,
CNT-00651,twitter,2023-09-17,413,69,twitter,
CNT-00652,twitter,2023-09-18,1508,65,twitter,
CNT-00653,twitter,2023-09-14,1186,95,twitter,
CNT-00654,twitter,2023-09-22,759,81,twitter,
CNT-00655,instagram,2023-09-23,1922,186,instagram,instagram_reel_strategy
CNT-00656,instagram,2023-09-08,1567,90,instagram,instagram_reel_strategy
CNT-00657,instagram,2023-09-17,703,165,instagram,instagram_reel_strategy
CNT-00658,instagram,2023-09-14,3357,232,instagram,instagram_reel_strategy
CNT-00659,instagram,2023-09-25,1721,74,instagram,instagram_reel_strategy
CNT-00660,instagram,2023-09-26,3383,39,instagram,instagram_reel_strategy
CNT-00661,instagram,2023-09-25,2872,135,instagram,instagram_reel_strategy
CNT-00662,instagram,2023-09-09,999,218,instagram,instagram_reel_strategy
CNT-00663,instagram,2023-09-13,2524,218,instagram,instagram_reel_strategy
CNT-00664,instagram,2023-09-18,1825,185,instagram,instagram_reel_strategy
CNT-00665,instagram,2023-09-17,3628,146,instagram,instagram_reel_strategy
CNT-00666,instagram,2023-09-08,3775,142,instagram,instagram_reel_strategy
CNT-00667,instagram,2023-09-15,2023,112,instagram,instagram_reel_strategy
CNT-00668,instagram,2023-09-12,2954,25,instagram,instagram_reel_strategy
CNT-00669,instagram,2023-09-15,2410,68,instagram,instagram_reel_strategy
CNT-00670,instagram,2023-09-22,2114,213,instagram,instagram_reel_strategy
CNT-00671,instagram,2023-09-07,1031,50,instagram,instagram_reel_strategy
CNT-00672,instagram,2023-09-01,1601,101,instagram,instagram_reel_strategy
CNT-00673,instagram,2023-09-28,2914,31,instagram,instagram_reel_strategy
CNT-00674,instagram,2023-09-18,3022,226,instagram,instagram_reel_strategy
CNT-00675,instagram,2023-09-05,2196,163,instagram,instagram_reel_strategy
CNT-00676,instagram,2023-09-16,773,156,instagram,instagram_reel_strategy
CNT-00677,instagram,2023-09-17,2705,222,instagram,instagram_reel_strategy
CNT-00678,newsletter,2023-09-01,3462,1221,newsletter,newsletter_referral_program
CNT-00679,newsletter,2023-09-29,2006,1655,newsletter,newsletter_referral_program
CNT-00680,newsletter,2023-09-15,3947,1271,,newsletter_referral_program
CNT-00681,newsletter,2023-09-27,2530,229,newsletter,newsletter_referral_program
CNT-00682,podcast,2023-09-26,2563,33,podcast,podcast_sponsorship_s2
CNT-00683,podcast,2023-09-23,1074,128,podcast,podcast_sponsorship_s2
CNT-00684,podcast,2023-09-28,1144,110,,podcast_sponsorship_s2
CNT-00685,podcast,2023-09-23,1955,185,podcast,podcast_sponsorship_s2
CNT-00686,podcast,2023-09-06,2486,242,podcast,podcast_sponsorship_s2
CNT-00687,podcast,2023-09-16,1413,56,podcast,podcast_sponsorship_s2
CNT-00688,podcast,2023-09-20,1232,331,podcast,podcast_sponsorship_s2
CNT-00689,blog,2023-09-13,1526,168,blog,blog_seo_push
CNT-00690,blog,2023-09-18,2827,369,blog,blog_seo_push
CNT-00691,blog,2023-09-03,2723,303,blog,blog_seo_push
CNT-00692,blog,2023-09-03,533,228,blog,blog_seo_push
CNT-00693,blog,2023-09-19,523,113,blog,blog_seo_push
CNT-00694,blog,2023-09-23,2558,418,blog,blog_seo_push
CNT-00695,blog,2023-09-15,432,271,blog,blog_seo_push
CNT-00696,blog,2023-09-26,2354,329,blog,blog_seo_push
CNT-00697,blog,2023-09-29,3267,238,blog,blog_seo_push
CNT-00698,youtube,2023-10-14,14058,628,youtube,portfolio_awareness_general
CNT-00699,youtube,2023-10-03,10196,92,youtube,portfolio_awareness_general
CNT-00700,youtube,2023-10-15,3822,683,youtube,portfolio_awareness_general
CNT-00701,youtube,2023-10-22,2541,262,youtube,portfolio_awareness_general
CNT-00702,youtube,2023-10-02,9706,501,youtube,portfolio_awareness_general
CNT-00703,youtube,2023-10-30,13836,447,youtube,portfolio_awareness_general
CNT-00704,youtube,2023-10-07,6152,565,youtube,portfolio_awareness_general
CNT-00705,youtube,2023-10-12,8340,763,youtube,portfolio_awareness_general
CNT-00706,twitter,2023-10-13,605,57,twitter,
CNT-00707,twitter,2023-10-06,1321,51,twitter,
CNT-00708,twitter,2023-10-09,1684,87,twitter,
CNT-00709,twitter,2023-10-16,611,79,twitter,
CNT-00710,twitter,2023-10-01,591,10,twitter,
CNT-00711,twitter,2023-10-21,603,46,twitter,
CNT-00712,twitter,2023-10-14,986,41,twitter,
CNT-00713,twitter,2023-10-25,1580,56,twitter,
CNT-00714,twitter,2023-10-26,1641,52,twitter,
CNT-00715,twitter,2023-10-16,276,21,twitter,
CNT-00716,twitter,2023-10-19,311,85,twitter,
CNT-00717,twitter,2023-10-08,318,46,twitter,
CNT-00718,twitter,2023-10-30,1798,33,twitter,
CNT-00719,twitter,2023-10-28,725,32,twitter,
CNT-00720,twitter,2023-10-05,984,81,twitter,
CNT-00721,twitter,2023-10-04,674,15,twitter,
CNT-00722,twitter,2023-10-17,1270,19,,
CNT-00723,twitter,2023-10-08,257,78,twitter,
CNT-00724,twitter,2023-10-07,626,38,twitter,
CNT-00725,twitter,2023-10-15,1294,15,twitter,
CNT-00726,twitter,2023-10-09,1599,29,twitter,
CNT-00727,twitter,2023-10-03,1106,66,twitter,
CNT-00728,twitter,2023-10-27,1729,40,twitter,
CNT-00729,twitter,2023-10-12,293,55,twitter,
CNT-00730,twitter,2023-10-12,705,67,twitter,
CNT-00731,twitter,2023-10-05,1267,65,twitter,
CNT-00732,twitter,2023-10-09,809,86,twitter,
CNT-00733,twitter,2023-10-26,1239,25,twitter,
CNT-00734,twitter,2023-10-22,504,83,twitter,
CNT-00735,twitter,2023-10-27,1161,22,twitter,
CNT-00736,twitter,2023-10-04,666,79,twitter,
CNT-00737,twitter,2023-10-25,1346,45,,
CNT-00738,twitter,2023-10-23,1045,24,twitter,
CNT-00739,instagram,2023-10-06,2306,235,instagram,instagram_reel_strategy
CNT-00740,instagram,2023-10-05,1033,30,instagram,instagram_reel_strategy
CNT-00741,instagram,2023-10-26,1194,81,instagram,instagram_reel_strategy
CNT-00742,instagram,2023-10-28,2407,68,instagram,instagram_reel_strategy
CNT-00743,instagram,2023-10-26,3030,152,instagram,instagram_reel_strategy
CNT-00744,instagram,2023-10-18,3679,99,instagram,instagram_reel_strategy
CNT-00745,instagram,2023-10-26,3132,57,,instagram_reel_strategy
CNT-00746,instagram,2023-10-12,1001,249,instagram,instagram_reel_strategy
CNT-00747,instagram,2023-10-10,3640,165,instagram,instagram_reel_strategy
CNT-00748,instagram,2023-10-09,3675,222,instagram,instagram_reel_strategy
CNT-00749,instagram,2023-10-07,1961,256,instagram,instagram_reel_strategy
CNT-00750,instagram,2023-10-01,1189,195,,instagram_reel_strategy
CNT-00751,instagram,2023-10-18,1695,189,instagram,instagram_reel_strategy
CNT-00752,instagram,2023-10-10,1427,240,instagram,instagram_reel_strategy
CNT-00753,instagram,2023-10-07,851,58,instagram,instagram_reel_strategy
CNT-00754,instagram,2023-10-19,1853,152,instagram,instagram_reel_strategy
CNT-00755,instagram,2023-10-09,3333,141,instagram,instagram_reel_strategy
CNT-00756,instagram,2023-10-11,1763,237,instagram,instagram_reel_strategy
CNT-00757,instagram,2023-10-08,2793,157,instagram,instagram_reel_strategy
CNT-00758,instagram,2023-10-27,1566,36,instagram,instagram_reel_strategy
CNT-00759,instagram,2023-10-14,626,227,instagram,instagram_reel_strategy
CNT-00760,newsletter,2023-10-14,4257,704,,newsletter_referral_program
CNT-00761,newsletter,2023-10-07,3621,1514,newsletter,newsletter_referral_program
CNT-00762,newsletter,2023-10-17,6242,2884,newsletter,newsletter_referral_program
CNT-00763,podcast,2023-10-05,1480,390,podcast,podcast_sponsorship_s2
CNT-00764,podcast,2023-10-05,799,204,podcast,podcast_sponsorship_s2
CNT-00765,podcast,2023-10-17,3155,205,podcast,podcast_sponsorship_s2
CNT-00766,podcast,2023-10-04,521,156,podcast,podcast_sponsorship_s2
CNT-00767,podcast,2023-10-17,2711,179,podcast,podcast_sponsorship_s2
CNT-00768,podcast,2023-10-24,3216,263,podcast,podcast_sponsorship_s2
CNT-00769,blog,2023-10-15,837,405,blog,blog_seo_push
CNT-00770,blog,2023-10-13,2617,427,blog,blog_seo_push
CNT-00771,blog,2023-10-20,1786,277,blog,blog_seo_push
CNT-00772,blog,2023-10-13,1314,149,blog,blog_seo_push
CNT-00773,blog,2023-10-08,1034,453,blog,blog_seo_push
CNT-00774,blog,2023-10-14,1203,324,blog,blog_seo_push
CNT-00775,blog,2023-10-01,2031,490,blog,blog_seo_push
CNT-00776,blog,2023-10-04,3415,441,blog,blog_seo_push
CNT-00777,youtube,2023-11-21,9344,698,youtube,
CNT-00778,youtube,2023-11-25,4359,698,youtube,
CNT-00779,youtube,2023-11-06,5276,652,youtube,
CNT-00780,youtube,2023-11-22,1659,475,youtube,
CNT-00781,youtube,2023-11-11,6115,540,youtube,
CNT-00782,youtube,2023-11-26,4437,413,,
CNT-00783,youtube,2023-11-05,5797,420,youtube,
CNT-00784,youtube,2023-11-03,1983,562,youtube,
CNT-00785,youtube,2023-11-20,11367,474,youtube,
CNT-00786,youtube,2023-11-25,8807,644,youtube,
CNT-00787,twitter,2023-11-09,1847,7,twitter,holiday_dental_promo
CNT-00788,twitter,2023-11-11,693,90,twitter,holiday_dental_promo
CNT-00789,twitter,2023-11-27,648,110,twitter,holiday_dental_promo
CNT-00790,twitter,2023-11-07,348,38,twitter,holiday_dental_promo
CNT-00791,twitter,2023-11-02,1134,43,twitter,holiday_dental_promo
CNT-00792,twitter,2023-11-23,676,115,twitter,holiday_dental_promo
CNT-00793,twitter,2023-11-12,795,38,twitter,holiday_dental_promo
CNT-00794,twitter,2023-11-12,421,106,twitter,holiday_dental_promo
CNT-00795,twitter,2023-11-21,1249,89,twitter,holiday_dental_promo
CNT-00796,twitter,2023-11-15,1121,94,twitter,holiday_dental_promo
CNT-00797,twitter,2023-11-22,1032,89,twitter,holiday_dental_promo
CNT-00798,twitter,2023-11-05,1215,83,twitter,holiday_dental_promo
CNT-00799,twitter,2023-11-19,281,31,twitter,holiday_dental_promo
CNT-00800,twitter,2023-11-13,712,27,,holiday_dental_promo
CNT-00801,twitter,2023-11-19,1100,95,twitter,holiday_dental_promo
CNT-00802,twitter,2023-11-24,550,45,twitter,holiday_dental_promo
CNT-00803,twitter,2023-11-28,955,86,twitter,holiday_dental_promo
CNT-00804,twitter,2023-11-23,1977,26,twitter,holiday_dental_promo
CNT-00805,twitter,2023-11-09,1441,102,twitter,holiday_dental_promo
CNT-00806,twitter,2023-11-05,1355,60,twitter,holiday_dental_promo
CNT-00807,twitter,2023-11-12,1671,40,twitter,holiday_dental_promo
CNT-00808,twitter,2023-11-05,1779,105,twitter,holiday_dental_promo
CNT-00809,twitter,2023-11-25,264,108,twitter,holiday_dental_promo
CNT-00810,twitter,2023-11-14,1639,42,twitter,holiday_dental_promo
CNT-00811,twitter,2023-11-21,1526,110,twitter,holiday_dental_promo
CNT-00812,twitter,2023-11-07,1381,92,twitter,holiday_dental_promo
CNT-00813,twitter,2023-11-06,1112,38,twitter,holiday_dental_promo
CNT-00814,twitter,2023-11-12,935,86,twitter,holiday_dental_promo
CNT-00815,twitter,2023-11-12,1037,8,twitter,holiday_dental_promo
CNT-00816,twitter,2023-11-26,424,40,,holiday_dental_promo
CNT-00817,twitter,2023-11-08,577,115,twitter,holiday_dental_promo
CNT-00818,instagram,2023-11-03,834,223,instagram,instagram_reel_strategy
CNT-00819,instagram,2023-11-27,3660,278,instagram,instagram_reel_strategy
CNT-00820,instagram,2023-11-29,881,79,instagram,instagram_reel_strategy
CNT-00821,instagram,2023-11-29,3018,115,instagram,instagram_reel_strategy
CNT-00822,instagram,2023-11-16,4155,23,instagram,instagram_reel_strategy
CNT-00823,instagram,2023-11-07,3288,55,instagram,instagram_reel_strategy
CNT-00824,instagram,2023-11-12,2834,132,instagram,instagram_reel_strategy
CNT-00825,instagram,2023-11-23,2602,73,instagram,instagram_reel_strategy
CNT-00826,instagram,2023-11-30,2269,253,instagram,instagram_reel_strategy
CNT-00827,instagram,2023-11-28,756,93,instagram,instagram_reel_strategy
CNT-00828,instagram,2023-11-21,3952,196,instagram,instagram_reel_strategy
CNT-00829,instagram,2023-11-09,2300,233,instagram,instagram_reel_strategy
CNT-00830,instagram,2023-11-25,4811,22,instagram,instagram_reel_strategy
CNT-00831,instagram,2023-11-19,1672,156,,instagram_reel_strategy
CNT-00832,instagram,2023-11-19,3569,244,instagram,instagram_reel_strategy
CNT-00833,instagram,2023-11-15,1914,263,instagram,instagram_reel_strategy
CNT-00834,instagram,2023-11-13,4210,201,instagram,instagram_reel_strategy
CNT-00835,instagram,2023-11-23,1141,298,instagram,instagram_reel_strategy
CNT-00836,newsletter,2023-11-04,911,1069,newsletter,newsletter_referral_program
CNT-00837,newsletter,2023-11-05,5351,1139,newsletter,newsletter_referral_program
CNT-00838,newsletter,2023-11-18,2715,997,,newsletter_referral_program
CNT-00839,newsletter,2023-11-12,1888,1114,newsletter,newsletter_referral_program
CNT-00840,newsletter,2023-11-08,4503,434,newsletter,newsletter_referral_program
CNT-00841,newsletter,2023-11-30,2237,780,newsletter,newsletter_referral_program
CNT-00842,newsletter,2023-11-06,3164,205,newsletter,newsletter_referral_program
CNT-00843,podcast,2023-11-19,905,375,,podcast_sponsorship_s2
CNT-00844,podcast,2023-11-30,3095,782,podcast,podcast_sponsorship_s2
CNT-00845,podcast,2023-11-13,2105,380,podcast,podcast_sponsorship_s2
CNT-00846,blog,2023-11-05,1880,1060,blog,blog_seo_push
CNT-00847,blog,2023-11-28,3390,249,blog,blog_seo_push
CNT-00848,blog,2023-11-01,1964,222,blog,blog_seo_push
CNT-00849,blog,2023-11-07,7144,743,blog,blog_seo_push
CNT-00850,youtube,2023-12-23,4101,541,youtube,
CNT-00851,youtube,2023-12-19,7016,653,youtube,
CNT-00852,youtube,2023-12-26,11301,431,youtube,
CNT-00853,youtube,2023-12-08,4623,173,,
CNT-00854,youtube,2023-12-08,7559,257,youtube,
CNT-00855,youtube,2023-12-10,5792,162,youtube,
CNT-00856,youtube,2023-12-30,5921,608,youtube,
CNT-00857,youtube,2023-12-06,8306,383,youtube,
CNT-00858,youtube,2023-12-23,1852,684,youtube,
CNT-00859,youtube,2023-12-28,3254,567,youtube,
CNT-00860,twitter,2023-12-09,1941,22,twitter,holiday_dental_promo
CNT-00861,twitter,2023-12-21,1471,66,twitter,holiday_dental_promo
CNT-00862,twitter,2023-12-05,2193,21,twitter,holiday_dental_promo
CNT-00863,twitter,2023-12-07,849,128,twitter,holiday_dental_promo
CNT-00864,twitter,2023-12-20,1210,118,twitter,holiday_dental_promo
CNT-00865,twitter,2023-12-16,1314,115,twitter,holiday_dental_promo
CNT-00866,twitter,2023-12-24,978,38,twitter,holiday_dental_promo
CNT-00867,twitter,2023-12-09,2224,71,twitter,holiday_dental_promo
CNT-00868,twitter,2023-12-06,853,112,twitter,holiday_dental_promo
CNT-00869,twitter,2023-12-03,842,58,twitter,holiday_dental_promo
CNT-00870,twitter,2023-12-02,1073,12,twitter,holiday_dental_promo
CNT-00871,twitter,2023-12-07,286,110,twitter,holiday_dental_promo
CNT-00872,twitter,2023-12-31,976,59,twitter,holiday_dental_promo
CNT-00873,twitter,2023-12-31,743,15,twitter,holiday_dental_promo
CNT-00874,twitter,2023-12-07,1208,98,twitter,holiday_dental_promo
CNT-00875,twitter,2023-12-02,1794,127,twitter,holiday_dental_promo
CNT-00876,twitter,2023-12-11,931,61,twitter,holiday_dental_promo
CNT-00877,twitter,2023-12-10,416,59,twitter,holiday_dental_promo
CNT-00878,twitter,2023-12-17,1782,112,twitter,holiday_dental_promo
CNT-00879,twitter,2023-12-23,1428,53,twitter,holiday_dental_promo
CNT-00880,twitter,2023-12-07,386,62,twitter,holiday_dental_promo
CNT-00881,twitter,2023-12-09,862,73,twitter,holiday_dental_promo
CNT-00882,twitter,2023-12-11,1219,127,twitter,holiday_dental_promo
CNT-00883,twitter,2023-12-22,745,24,twitter,holiday_dental_promo
CNT-00884,twitter,2023-12-07,2143,64,twitter,holiday_dental_promo
CNT-00885,twitter,2023-12-08,1815,82,twitter,holiday_dental_promo
CNT-00886,twitter,2023-12-13,816,9,twitter,holiday_dental_promo
CNT-00887,twitter,2023-12-04,1597,19,twitter,holiday_dental_promo
CNT-00888,instagram,2023-12-26,4162,139,instagram,
CNT-00889,instagram,2023-12-25,697,52,instagram,
CNT-00890,instagram,2023-12-04,1894,192,instagram,
CNT-00891,instagram,2023-12-20,2289,101,instagram,
CNT-00892,instagram,2023-12-03,1201,110,instagram,
CNT-00893,instagram,2023-12-06,671,62,instagram,
CNT-00894,instagram,2023-12-16,4052,155,instagram,
CNT-00895,instagram,2023-12-14,2658,135,instagram,
CNT-00896,instagram,2023-12-24,2935,122,instagram,
CNT-00897,instagram,2023-12-07,3677,60,instagram,
CNT-00898,instagram,2023-12-10,1427,73,instagram,
CNT-00899,instagram,2023-12-26,1897,226,instagram,
CNT-00900,instagram,2023-12-03,4035,158,,
CNT-00901,instagram,2023-12-09,1306,136,instagram,
CNT-00902,instagram,2023-12-17,2899,247,instagram,
CNT-00903,instagram,2023-12-11,3773,187,instagram,
CNT-00904,instagram,2023-12-03,2071,101,instagram,
CNT-00905,instagram,2023-12-08,1582,56,instagram,
CNT-00906,instagram,2023-12-21,1128,180,instagram,
CNT-00907,instagram,2023-12-07,969,48,instagram,
CNT-00908,instagram,2023-12-22,2512,104,instagram,
CNT-00909,newsletter,2023-12-23,5777,580,newsletter,
CNT-00910,newsletter,2023-12-18,3125,1130,,
CNT-00911,newsletter,2023-12-13,6165,396,newsletter,
CNT-00912,newsletter,2023-12-29,5232,1066,newsletter,
CNT-00913,newsletter,2023-12-06,1335,629,newsletter,
CNT-00914,newsletter,2023-12-04,2617,224,newsletter,
CNT-00915,podcast,2023-12-09,1528,579,podcast,podcast_sponsorship_s2
CNT-00916,podcast,2023-12-29,2821,355,podcast,podcast_sponsorship_s2
CNT-00917,podcast,2023-12-15,1235,576,podcast,podcast_sponsorship_s2
CNT-00918,podcast,2023-12-31,3617,459,podcast,podcast_sponsorship_s2
CNT-00919,blog,2023-12-07,5630,62,blog,blog_seo_push
CNT-00920,blog,2023-12-08,2073,736,blog,blog_seo_push
CNT-00921,blog,2023-12-18,3003,718,blog,blog_seo_push
CNT-00922,blog,2023-12-02,3100,440,blog,blog_seo_push
CNT-00923,blog,2023-12-24,787,819,blog,blog_seo_push
CNT-00924,youtube,2024-01-04,4825,208,youtube,new_year_push_2024
CNT-00925,youtube,2024-01-11,11762,442,youtube,new_year_push_2024
CNT-00926,youtube,2024-01-05,13359,713,youtube,new_year_push_2024
CNT-00927,youtube,2024-01-23,3397,112,youtube,new_year_push_2024
CNT-00928,youtube,2024-01-26,10145,756,youtube,new_year_push_2024
CNT-00929,youtube,2024-01-18,5828,237,youtube,new_year_push_2024
CNT-00930,youtube,2024-01-10,11060,193,youtube,new_year_push_2024
CNT-00931,youtube,2024-01-26,9420,384,youtube,new_year_push_2024
CNT-00932,youtube,2024-01-12,11239,315,youtube,new_year_push_2024
CNT-00933,twitter,2024-01-02,596,88,twitter,
CNT-00934,twitter,2024-01-09,343,31,twitter,
CNT-00935,twitter,2024-01-16,278,23,twitter,twitter_engagement_q1_24
CNT-00936,twitter,2024-01-30,678,70,twitter,twitter_engagement_q1_24
CNT-00937,twitter,2024-01-17,1401,15,twitter,twitter_engagement_q1_24
CNT-00938,twitter,2024-01-30,1254,98,twitter,twitter_engagement_q1_24
CNT-00939,twitter,2024-01-19,1149,70,twitter,twitter_engagement_q1_24
CNT-00940,twitter,2024-01-06,922,67,twitter,
CNT-00941,twitter,2024-01-13,1788,102,twitter,
CNT-00942,twitter,2024-01-26,1264,52,twitter,twitter_engagement_q1_24
CNT-00943,twitter,2024-01-27,1232,86,twitter,twitter_engagement_q1_24
CNT-00944,twitter,2024-01-10,539,62,twitter,
CNT-00945,twitter,2024-01-04,2054,45,twitter,
CNT-00946,twitter,2024-01-12,1068,90,twitter,
CNT-00947,twitter,2024-01-26,1556,26,twitter,twitter_engagement_q1_24
CNT-00948,twitter,2024-01-22,1293,27,twitter,twitter_engagement_q1_24
CNT-00949,twitter,2024-01-18,1493,52,twitter,twitter_engagement_q1_24
CNT-00950,twitter,2024-01-20,1971,86,twitter,twitter_engagement_q1_24
CNT-00951,twitter,2024-01-31,1328,22,twitter,twitter_engagement_q1_24
CNT-00952,twitter,2024-01-26,1293,100,twitter,twitter_engagement_q1_24
CNT-00953,twitter,2024-01-22,1276,58,twitter,twitter_engagement_q1_24
CNT-00954,twitter,2024-01-10,1674,94,twitter,
CNT-00955,twitter,2024-01-10,457,85,twitter,
CNT-00956,twitter,2024-01-02,1322,99,twitter,
CNT-00957,twitter,2024-01-26,1756,87,twitter,twitter_engagement_q1_24
CNT-00958,twitter,2024-01-01,2010,117,twitter,
CNT-00959,twitter,2024-01-07,629,68,twitter,
CNT-00960,twitter,2024-01-13,2019,68,twitter,
CNT-00961,twitter,2024-01-14,2021,112,,
CNT-00962,twitter,2024-01-26,779,100,twitter,twitter_engagement_q1_24
CNT-00963,instagram,2024-01-23,1143,47,instagram,
CNT-00964,instagram,2024-01-17,1104,242,instagram,
CNT-00965,instagram,2024-01-30,3802,125,instagram,
CNT-00966,instagram,2024-01-12,2908,106,instagram,
CNT-00967,instagram,2024-01-28,972,53,instagram,
CNT-00968,instagram,2024-01-12,2572,111,instagram,
CNT-00969,instagram,2024-01-17,2029,217,instagram,
CNT-00970,instagram,2024-01-25,1559,228,instagram,
CNT-00971,instagram,2024-01-12,3059,148,instagram,
CNT-00972,instagram,2024-01-28,1212,232,instagram,
CNT-00973,instagram,2024-01-26,907,233,instagram,
CNT-00974,instagram,2024-01-30,3489,105,instagram,
CNT-00975,instagram,2024-01-04,2452,245,instagram,
CNT-00976,instagram,2024-01-11,3921,86,instagram,
CNT-00977,instagram,2024-01-21,4111,190,instagram,
CNT-00978,instagram,2024-01-15,3269,210,instagram,
CNT-00979,instagram,2024-01-14,2446,114,instagram,
CNT-00980,instagram,2024-01-04,3180,21,instagram,
CNT-00981,instagram,2024-01-13,2734,78,instagram,
CNT-00982,instagram,2024-01-05,1556,108,instagram,
CNT-00983,instagram,2024-01-31,1252,121,instagram,
CNT-00984,newsletter,2024-01-16,4777,196,newsletter,
CNT-00985,newsletter,2024-01-10,2700,868,newsletter,
CNT-00986,newsletter,2024-01-08,5729,1407,newsletter,
CNT-00987,newsletter,2024-01-12,2133,942,newsletter,
CNT-00988,newsletter,2024-01-21,2565,321,,
CNT-00989,newsletter,2024-01-04,2270,898,newsletter,
CNT-00990,podcast,2024-01-30,1795,470,podcast,
CNT-00991,podcast,2024-01-26,3451,356,podcast,
CNT-00992,podcast,2024-01-25,3011,88,podcast,
CNT-00993,podcast,2024-01-26,2328,343,podcast,
CNT-00994,podcast,2024-01-09,1392,189,podcast,
CNT-00995,blog,2024-01-08,986,450,blog,
CNT-00996,blog,2024-01-06,1895,184,blog,
CNT-00997,blog,2024-01-05,3174,77,blog,
CNT-00998,blog,2024-01-27,2260,145,blog,
CNT-00999,blog,2024-01-15,2835,344,blog,
CNT-01000,blog,2024-01-29,3111,378,blog,
CNT-01001,blog,2024-01-19,2789,56,blog,
CNT-01002,blog,2024-01-14,1884,44,blog,
CNT-01003,youtube,2024-02-24,11879,821,youtube,new_year_push_2024
CNT-01004,youtube,2024-02-29,12844,939,youtube,
CNT-01005,youtube,2024-02-24,4973,500,youtube,new_year_push_2024
CNT-01006,youtube,2024-02-01,11422,530,youtube,new_year_push_2024
CNT-01007,youtube,2024-02-10,5678,985,youtube,new_year_push_2024
CNT-01008,youtube,2024-02-23,16873,186,youtube,new_year_push_2024
CNT-01009,youtube,2024-02-03,7455,1005,youtube,new_year_push_2024
CNT-01010,twitter,2024-02-03,1117,56,,twitter_engagement_q1_24
CNT-01011,twitter,2024-02-09,474,82,twitter,twitter_engagement_q1_24
CNT-01012,twitter,2024-02-05,548,117,twitter,twitter_engagement_q1_24
CNT-01013,twitter,2024-02-20,2200,121,twitter,twitter_engagement_q1_24
CNT-01014,twitter,2024-02-20,299,19,twitter,twitter_engagement_q1_24
CNT-01015,twitter,2024-02-11,676,21,twitter,twitter_engagement_q1_24
CNT-01016,twitter,2024-02-14,628,66,twitter,twitter_engagement_q1_24
CNT-01017,twitter,2024-02-24,487,18,twitter,twitter_engagement_q1_24
CNT-01018,twitter,2024-02-08,1327,105,twitter,twitter_engagement_q1_24
CNT-01019,twitter,2024-02-11,1919,113,twitter,twitter_engagement_q1_24
CNT-01020,twitter,2024-02-06,307,31,twitter,twitter_engagement_q1_24
CNT-01021,twitter,2024-02-01,1599,117,twitter,twitter_engagement_q1_24
CNT-01022,twitter,2024-02-20,2094,45,twitter,twitter_engagement_q1_24
CNT-01023,twitter,2024-02-18,2062,24,twitter,twitter_engagement_q1_24
CNT-01024,twitter,2024-02-23,480,83,twitter,twitter_engagement_q1_24
CNT-01025,twitter,2024-02-19,687,15,twitter,twitter_engagement_q1_24
CNT-01026,twitter,2024-02-22,2018,79,twitter,twitter_engagement_q1_24
CNT-01027,twitter,2024-02-17,1506,85,twitter,twitter_engagement_q1_24
CNT-01028,twitter,2024-02-12,1477,40,twitter,twitter_engagement_q1_24
CNT-01029,twitter,2024-02-26,927,24,twitter,twitter_engagement_q1_24
CNT-01030,twitter,2024-02-12,1742,17,twitter,twitter_engagement_q1_24
CNT-01031,twitter,2024-02-09,909,73,twitter,twitter_engagement_q1_24
CNT-01032,twitter,2024-02-29,1926,87,twitter,twitter_engagement_q1_24
CNT-01033,twitter,2024-02-07,551,37,twitter,twitter_engagement_q1_24
CNT-01034,twitter,2024-02-26,815,51,twitter,twitter_engagement_q1_24
CNT-01035,twitter,2024-02-25,1200,72,twitter,twitter_engagement_q1_24
CNT-01036,twitter,2024-02-07,1343,49,twitter,twitter_engagement_q1_24
CNT-01037,twitter,2024-02-29,1742,73,twitter,twitter_engagement_q1_24
CNT-01038,instagram,2024-02-19,1193,86,instagram,instagram_stories_blitz
CNT-01039,instagram,2024-02-06,1170,174,instagram,instagram_stories_blitz
CNT-01040,instagram,2024-02-17,3809,50,instagram,instagram_stories_blitz
CNT-01041,instagram,2024-02-16,1127,41,instagram,instagram_stories_blitz
CNT-01042,instagram,2024-02-11,2946,240,instagram,instagram_stories_blitz
CNT-01043,instagram,2024-02-14,1782,57,instagram,instagram_stories_blitz
CNT-01044,instagram,2024-02-25,713,72,instagram,instagram_stories_blitz
CNT-01045,instagram,2024-02-10,634,61,instagram,instagram_stories_blitz
CNT-01046,instagram,2024-02-05,2866,71,instagram,instagram_stories_blitz
CNT-01047,instagram,2024-02-12,1607,150,instagram,instagram_stories_blitz
CNT-01048,instagram,2024-02-11,778,103,instagram,instagram_stories_blitz
CNT-01049,instagram,2024-02-06,1512,254,instagram,instagram_stories_blitz
CNT-01050,instagram,2024-02-12,3961,41,instagram,instagram_stories_blitz
CNT-01051,instagram,2024-02-17,1198,190,instagram,instagram_stories_blitz
CNT-01052,instagram,2024-02-13,2035,102,instagram,instagram_stories_blitz
CNT-01053,instagram,2024-02-26,2700,112,instagram,instagram_stories_blitz
CNT-01054,instagram,2024-02-07,2168,171,instagram,instagram_stories_blitz
CNT-01055,instagram,2024-02-05,1700,68,instagram,instagram_stories_blitz
CNT-01056,instagram,2024-02-08,1840,245,instagram,instagram_stories_blitz
CNT-01057,instagram,2024-02-11,3870,225,instagram,instagram_stories_blitz
CNT-01058,instagram,2024-02-10,610,182,instagram,instagram_stories_blitz
CNT-01059,newsletter,2024-02-11,6087,824,newsletter,
CNT-01060,newsletter,2024-02-12,2683,1234,newsletter,
CNT-01061,newsletter,2024-02-06,6817,746,newsletter,
CNT-01062,newsletter,2024-02-17,6635,888,newsletter,
CNT-01063,newsletter,2024-02-01,7499,1400,newsletter,
CNT-01064,podcast,2024-02-21,2673,786,podcast,
CNT-01065,podcast,2024-02-20,4117,684,podcast,
CNT-01066,podcast,2024-02-14,3874,754,podcast,
CNT-01067,blog,2024-02-10,3156,410,blog,dental_awareness_month
CNT-01068,blog,2024-02-25,874,599,,dental_awareness_month
CNT-01069,blog,2024-02-12,2023,91,blog,dental_awareness_month
CNT-01070,blog,2024-02-12,922,209,blog,dental_awareness_month
CNT-01071,blog,2024-02-11,4275,243,blog,dental_awareness_month
CNT-01072,blog,2024-02-21,2621,430,blog,dental_awareness_month
CNT-01073,blog,2024-02-26,3876,590,,dental_awareness_month
CNT-01074,youtube,2024-03-23,8892,352,youtube,
CNT-01075,youtube,2024-03-05,7346,403,youtube,
CNT-01076,youtube,2024-03-09,3728,612,youtube,
CNT-01077,youtube,2024-03-11,1833,256,,
CNT-01078,youtube,2024-03-23,9389,272,youtube,
CNT-01079,youtube,2024-03-28,9702,451,youtube,
CNT-01080,youtube,2024-03-10,4814,413,youtube,
CNT-01081,youtube,2024-03-29,10627,251,youtube,
CNT-01082,youtube,2024-03-28,7800,91,youtube,
CNT-01083,youtube,2024-03-26,4095,570,youtube,
CNT-01084,youtube,2024-03-23,4970,337,youtube,
CNT-01085,twitter,2024-03-07,1985,60,twitter,twitter_engagement_q1_24
CNT-01086,twitter,2024-03-22,1402,119,twitter,twitter_engagement_q1_24
CNT-01087,twitter,2024-03-03,941,71,twitter,twitter_engagement_q1_24
CNT-01088,twitter,2024-03-01,322,109,twitter,twitter_engagement_q1_24
CNT-01089,twitter,2024-03-30,1614,14,twitter,twitter_engagement_q1_24
CNT-01090,twitter,2024-03-10,379,35,twitter,twitter_engagement_q1_24
CNT-01091,twitter,2024-03-22,593,55,twitter,twitter_engagement_q1_24
CNT-01092,twitter,2024-03-13,1750,102,twitter,twitter_engagement_q1_24
CNT-01093,twitter,2024-03-09,985,86,,twitter_engagement_q1_24
CNT-01094,twitter,2024-03-15,710,34,twitter,twitter_engagement_q1_24
CNT-01095,twitter,2024-03-18,403,106,twitter,twitter_engagement_q1_24
CNT-01096,twitter,2024-03-30,1813,42,twitter,twitter_engagement_q1_24
CNT-01097,twitter,2024-03-22,441,16,twitter,twitter_engagement_q1_24
CNT-01098,twitter,2024-03-24,360,112,twitter,twitter_engagement_q1_24
CNT-01099,twitter,2024-03-11,1157,82,twitter,twitter_engagement_q1_24
CNT-01100,twitter,2024-03-29,785,104,twitter,twitter_engagement_q1_24
CNT-01101,twitter,2024-03-24,1190,9,twitter,twitter_engagement_q1_24
CNT-01102,twitter,2024-03-05,2042,73,twitter,twitter_engagement_q1_24
CNT-01103,twitter,2024-03-07,529,106,twitter,twitter_engagement_q1_24
CNT-01104,twitter,2024-03-27,1808,21,twitter,twitter_engagement_q1_24
CNT-01105,twitter,2024-03-08,801,65,twitter,twitter_engagement_q1_24
CNT-01106,twitter,2024-03-02,1478,39,,twitter_engagement_q1_24
CNT-01107,twitter,2024-03-26,1548,96,twitter,twitter_engagement_q1_24
CNT-01108,twitter,2024-03-01,553,48,twitter,twitter_engagement_q1_24
CNT-01109,twitter,2024-03-24,1223,44,twitter,twitter_engagement_q1_24
CNT-01110,twitter,2024-03-11,1103,75,twitter,twitter_engagement_q1_24
CNT-01111,twitter,2024-03-21,1428,83,twitter,twitter_engagement_q1_24
CNT-01112,twitter,2024-03-15,1721,75,,twitter_engagement_q1_24
CNT-01113,twitter,2024-03-20,1980,14,twitter,twitter_engagement_q1_24
CNT-01114,twitter,2024-03-25,919,33,twitter,twitter_engagement_q1_24
CNT-01115,instagram,2024-03-30,979,66,instagram,instagram_stories_blitz
CNT-01116,instagram,2024-03-14,2300,65,instagram,instagram_stories_blitz
CNT-01117,instagram,2024-03-04,2806,99,instagram,instagram_stories_blitz
CNT-01118,instagram,2024-03-05,3594,112,instagram,instagram_stories_blitz
CNT-01119,instagram,2024-03-23,1128,77,instagram,instagram_stories_blitz
CNT-01120,instagram,2024-03-07,1640,100,instagram,instagram_stories_blitz
CNT-01121,instagram,2024-03-04,3231,183,,instagram_stories_blitz
CNT-01122,instagram,2024-03-29,2468,74,instagram,instagram_stories_blitz
CNT-01123,instagram,2024-03-08,3606,90,instagram,instagram_stories_blitz
CNT-01124,instagram,2024-03-07,577,112,instagram,instagram_stories_blitz
CNT-01125,instagram,2024-03-11,3751,132,instagram,instagram_stories_blitz
CNT-01126,instagram,2024-03-08,2662,111,instagram,instagram_stories_blitz
CNT-01127,instagram,2024-03-06,3940,29,instagram,instagram_stories_blitz
CNT-01128,instagram,2024-03-09,2338,161,instagram,instagram_stories_blitz
CNT-01129,instagram,2024-03-19,1529,138,instagram,instagram_stories_blitz
CNT-01130,instagram,2024-03-25,3000,71,instagram,instagram_stories_blitz
CNT-01131,instagram,2024-03-17,1508,177,instagram,instagram_stories_blitz
CNT-01132,instagram,2024-03-04,1750,78,instagram,instagram_stories_blitz
CNT-01133,instagram,2024-03-08,3441,89,,instagram_stories_blitz
CNT-01134,instagram,2024-03-06,1003,174,instagram,instagram_stories_blitz
CNT-01135,instagram,2024-03-07,1333,125,instagram,instagram_stories_blitz
CNT-01136,instagram,2024-03-24,3451,105,,instagram_stories_blitz
CNT-01137,newsletter,2024-03-01,8303,2099,newsletter,
CNT-01138,newsletter,2024-03-21,8387,259,newsletter,
CNT-01139,newsletter,2024-03-23,6240,1068,newsletter,
CNT-01140,newsletter,2024-03-29,8697,1228,newsletter,
CNT-01141,podcast,2024-03-01,3305,235,podcast,podcast_guest_series
CNT-01142,podcast,2024-03-08,3320,413,podcast,podcast_guest_series
CNT-01143,podcast,2024-03-29,6378,468,podcast,podcast_guest_series
CNT-01144,blog,2024-03-01,1110,710,blog,spring_services_2024
CNT-01145,blog,2024-03-17,3317,351,blog,spring_services_2024
CNT-01146,blog,2024-03-23,6155,757,blog,spring_services_2024
CNT-01147,blog,2024-03-28,7116,915,blog,spring_services_2024
CNT-01148,youtube,2024-04-25,14765,477,youtube,youtube_shorts_experiment
CNT-01149,youtube,2024-04-30,18119,268,youtube,youtube_shorts_experiment
CNT-01150,youtube,2024-04-08,15372,758,,youtube_shorts_experiment
CNT-01151,youtube,2024-04-11,8351,822,youtube,youtube_shorts_experiment
CNT-01152,youtube,2024-04-21,10077,421,youtube,youtube_shorts_experiment
CNT-01153,youtube,2024-04-16,13208,297,youtube,youtube_shorts_experiment
CNT-01154,twitter,2024-04-26,546,107,twitter,
CNT-01155,twitter,2024-04-17,1636,102,twitter,
CNT-01156,twitter,2024-04-05,635,89,twitter,
CNT-01157,twitter,2024-04-15,656,22,twitter,
CNT-01158,twitter,2024-04-22,310,102,twitter,
CNT-01159,twitter,2024-04-13,657,45,twitter,
CNT-01160,twitter,2024-04-08,1257,101,twitter,
CNT-01161,twitter,2024-04-07,1746,76,twitter,
CNT-01162,twitter,2024-04-05,1737,85,twitter,
CNT-01163,twitter,2024-04-28,606,41,twitter,
CNT-01164,twitter,2024-04-08,1530,8,twitter,
CNT-01165,twitter,2024-04-01,1058,108,twitter,
CNT-01166,twitter,2024-04-28,746,55,twitter,
CNT-01167,twitter,2024-04-01,753,83,twitter,
CNT-01168,twitter,2024-04-09,1425,106,twitter,
CNT-01169,twitter,2024-04-19,1412,14,,
CNT-01170,twitter,2024-04-24,1460,49,twitter,
CNT-01171,twitter,2024-04-13,1572,82,twitter,
CNT-01172,twitter,2024-04-03,734,21,twitter,
CNT-01173,twitter,2024-04-25,1420,43,twitter,
CNT-01174,twitter,2024-04-06,1445,47,twitter,
CNT-01175,twitter,2024-04-30,1807,67,,
CNT-01176,twitter,2024-04-04,1607,93,twitter,
CNT-01177,twitter,2024-04-21,1899,14,twitter,
CNT-01178,twitter,2024-04-22,1700,104,twitter,
CNT-01179,twitter,2024-04-22,1068,99,twitter,
CNT-01180,twitter,2024-04-02,1290,10,,
CNT-01181,twitter,2024-04-27,611,69,twitter,
CNT-01182,twitter,2024-04-24,1336,109,twitter,
CNT-01183,twitter,2024-04-11,611,16,twitter,
CNT-01184,twitter,2024-04-18,1447,73,twitter,
CNT-01185,instagram,2024-04-12,4010,90,instagram,instagram_stories_blitz
CNT-01186,instagram,2024-04-28,1110,173,instagram,instagram_stories_blitz
CNT-01187,instagram,2024-04-22,3261,177,instagram,instagram_stories_blitz
CNT-01188,instagram,2024-04-28,754,124,instagram,instagram_stories_blitz
CNT-01189,instagram,2024-04-14,3818,252,,instagram_stories_blitz
CNT-01190,instagram,2024-04-20,2108,65,instagram,instagram_stories_blitz
CNT-01191,instagram,2024-04-03,2386,232,instagram,instagram_stories_blitz
CNT-01192,instagram,2024-04-09,4208,94,,instagram_stories_blitz
CNT-01193,instagram,2024-04-08,2310,74,instagram,instagram_stories_blitz
CNT-01194,instagram,2024-04-30,1531,196,instagram,instagram_stories_blitz
CNT-01195,instagram,2024-04-12,1969,70,,instagram_stories_blitz
CNT-01196,instagram,2024-04-13,701,221,instagram,instagram_stories_blitz
CNT-01197,instagram,2024-04-12,2333,65,instagram,instagram_stories_blitz
CNT-01198,instagram,2024-04-16,3401,212,instagram,instagram_stories_blitz
CNT-01199,instagram,2024-04-09,4419,19,instagram,instagram_stories_blitz
CNT-01200,instagram,2024-04-22,1503,281,instagram,instagram_stories_blitz
CNT-01201,instagram,2024-04-25,1083,190,instagram,instagram_stories_blitz
CNT-01202,instagram,2024-04-14,2351,44,instagram,instagram_stories_blitz
CNT-01203,instagram,2024-04-28,2953,101,instagram,instagram_stories_blitz
CNT-01204,newsletter,2024-04-01,4137,904,newsletter,
CNT-01205,newsletter,2024-04-29,6070,1769,newsletter,
CNT-01206,newsletter,2024-04-23,5653,887,newsletter,
CNT-01207,newsletter,2024-04-05,8609,1571,newsletter,
CNT-01208,podcast,2024-04-11,2220,365,podcast,podcast_guest_series
CNT-01209,podcast,2024-04-14,1427,347,podcast,podcast_guest_series
CNT-01210,podcast,2024-04-14,422,197,podcast,podcast_guest_series
CNT-01211,podcast,2024-04-21,2242,285,podcast,podcast_guest_series
CNT-01212,podcast,2024-04-28,2148,230,podcast,podcast_guest_series
CNT-01213,podcast,2024-04-07,2446,347,podcast,podcast_guest_series
CNT-01214,blog,2024-04-01,5895,485,blog,spring_services_2024
CNT-01215,blog,2024-04-30,4581,295,blog,spring_services_2024
CNT-01216,blog,2024-04-11,5684,1022,blog,spring_services_2024
CNT-01217,blog,2024-04-01,3776,235,blog,spring_services_2024
CNT-01218,youtube,2024-05-17,12163,220,youtube,auto_summer_campaign
CNT-01219,youtube,2024-05-14,11285,539,youtube,auto_summer_campaign
CNT-01220,youtube,2024-05-09,10297,558,youtube,auto_summer_campaign
CNT-01221,youtube,2024-05-15,2626,70,youtube,auto_summer_campaign
CNT-01222,youtube,2024-05-18,5810,115,youtube,auto_summer_campaign
CNT-01223,youtube,2024-05-08,3272,399,youtube,auto_summer_campaign
CNT-01224,youtube,2024-05-02,9845,274,,auto_summer_campaign
CNT-01225,youtube,2024-05-26,6524,352,youtube,auto_summer_campaign
CNT-01226,youtube,2024-05-08,6978,457,youtube,auto_summer_campaign
CNT-01227,youtube,2024-05-03,8911,301,youtube,auto_summer_campaign
CNT-01228,twitter,2024-05-05,756,23,twitter,
CNT-01229,twitter,2024-05-28,1982,82,twitter,
CNT-01230,twitter,2024-05-28,1017,19,twitter,
CNT-01231,twitter,2024-05-02,853,24,,
CNT-01232,twitter,2024-05-05,1086,21,twitter,
CNT-01233,twitter,2024-05-13,944,37,twitter,
CNT-01234,twitter,2024-05-20,2001,115,twitter,
CNT-01235,twitter,2024-05-17,712,96,twitter,
CNT-01236,twitter,2024-05-13,1133,112,twitter,
CNT-01237,twitter,2024-05-31,611,81,twitter,
CNT-01238,twitter,2024-05-11,394,68,twitter,
CNT-01239,twitter,2024-05-13,406,13,twitter,
CNT-01240,twitter,2024-05-30,1914,110,twitter,
CNT-01241,twitter,2024-05-20,412,80,twitter,
CNT-01242,twitter,2024-05-15,1712,45,twitter,
CNT-01243,twitter,2024-05-13,1978,46,twitter,
CNT-01244,twitter,2024-05-22,400,87,,
CNT-01245,twitter,2024-05-18,1534,85,,
CNT-01246,twitter,2024-05-09,280,34,twitter,
CNT-01247,twitter,2024-05-09,1124,69,twitter,
CNT-01248,twitter,2024-05-08,1336,82,,
CNT-01249,twitter,2024-05-31,1616,15,twitter,
CNT-01250,twitter,2024-05-17,1806,22,twitter,
CNT-01251,twitter,2024-05-22,374,82,twitter,
CNT-01252,twitter,2024-05-07,1984,57,twitter,
CNT-01253,twitter,2024-05-20,1830,33,twitter,
CNT-01254,twitter,2024-05-06,1081,112,twitter,
CNT-01255,twitter,2024-05-09,1760,37,,
CNT-01256,twitter,2024-05-17,1520,37,,
CNT-01257,twitter,2024-05-08,554,80,,
CNT-01258,twitter,2024-05-31,1377,50,twitter,
CNT-01259,instagram,2024-05-14,2825,175,instagram,
CNT-01260,instagram,2024-05-16,2740,152,instagram,
CNT-01261,instagram,2024-05-30,2872,178,instagram,
CNT-01262,instagram,2024-05-03,1763,214,instagram,
CNT-01263,instagram,2024-05-13,2433,227,,
CNT-01264,instagram,2024-05-19,810,180,instagram,
CNT-01265,instagram,2024-05-20,2218,133,instagram,
CNT-01266,instagram,2024-05-27,3887,92,,
CNT-01267,instagram,2024-05-22,3033,117,instagram,
CNT-01268,instagram,2024-05-17,3339,63,instagram,
CNT-01269,instagram,2024-05-11,1152,234,instagram,
CNT-01270,instagram,2024-05-21,3048,57,instagram,
CNT-01271,instagram,2024-05-06,2874,208,instagram,
CNT-01272,instagram,2024-05-26,1324,124,instagram,
CNT-01273,instagram,2024-05-24,3027,38,instagram,
CNT-01274,instagram,2024-05-24,3148,119,instagram,
CNT-01275,instagram,2024-05-04,2278,232,instagram,
CNT-01276,instagram,2024-05-04,2197,104,instagram,
CNT-01277,instagram,2024-05-27,532,64,instagram,
CNT-01278,instagram,2024-05-17,1345,109,instagram,
CNT-01279,instagram,2024-05-19,1001,221,instagram,
CNT-01280,instagram,2024-05-25,876,177,instagram,
CNT-01281,newsletter,2024-05-28,2038,794,,
CNT-01282,newsletter,2024-05-05,4864,498,newsletter,
CNT-01283,newsletter,2024-05-04,1325,303,newsletter,
CNT-01284,newsletter,2024-05-04,873,389,newsletter,
CNT-01285,newsletter,2024-05-18,3692,173,newsletter,
CNT-01286,newsletter,2024-05-11,2950,1256,newsletter,
CNT-01287,newsletter,2024-05-22,3231,1131,newsletter,
CNT-01288,podcast,2024-05-23,4189,741,podcast,podcast_guest_series
CNT-01289,podcast,2024-05-02,9013,823,podcast,podcast_guest_series
CNT-01290,blog,2024-05-07,1137,182,blog,spring_services_2024
CNT-01291,blog,2024-05-15,2341,304,blog,spring_services_2024
CNT-01292,blog,2024-05-04,1863,853,blog,spring_services_2024
CNT-01293,blog,2024-05-19,1071,852,blog,spring_services_2024
CNT-01294,blog,2024-05-14,3915,894,blog,spring_services_2024
CNT-01295,youtube,2024-06-16,7928,436,youtube,auto_summer_campaign
CNT-01296,youtube,2024-06-13,13808,567,youtube,auto_summer_campaign
CNT-01297,youtube,2024-06-30,9469,430,youtube,auto_summer_campaign
CNT-01298,youtube,2024-06-09,8839,403,youtube,auto_summer_campaign
CNT-01299,youtube,2024-06-10,4820,570,youtube,auto_summer_campaign
CNT-01300,youtube,2024-06-01,9656,408,youtube,auto_summer_campaign
CNT-01301,youtube,2024-06-22,1978,184,youtube,auto_summer_campaign
CNT-01302,youtube,2024-06-04,7073,902,youtube,auto_summer_campaign
CNT-01303,twitter,2024-06-25,1501,97,twitter,cross-promo_landscaping_x_auto
CNT-01304,twitter,2024-06-04,1040,119,twitter,cross-promo_landscaping_x_auto
CNT-01305,twitter,2024-06-12,1700,95,twitter,cross-promo_landscaping_x_auto
CNT-01306,twitter,2024-06-27,339,43,twitter,cross-promo_landscaping_x_auto
CNT-01307,twitter,2024-06-24,854,35,twitter,cross-promo_landscaping_x_auto
CNT-01308,twitter,2024-06-14,381,105,twitter,cross-promo_landscaping_x_auto
CNT-01309,twitter,2024-06-13,1985,48,twitter,cross-promo_landscaping_x_auto
CNT-01310,twitter,2024-06-24,2003,12,twitter,cross-promo_landscaping_x_auto
CNT-01311,twitter,2024-06-18,1639,71,twitter,cross-promo_landscaping_x_auto
CNT-01312,twitter,2024-06-29,1213,82,twitter,cross-promo_landscaping_x_auto
CNT-01313,twitter,2024-06-03,745,48,twitter,cross-promo_landscaping_x_auto
CNT-01314,twitter,2024-06-19,937,19,twitter,cross-promo_landscaping_x_auto
CNT-01315,twitter,2024-06-24,484,8,twitter,cross-promo_landscaping_x_auto
CNT-01316,twitter,2024-06-30,1477,113,twitter,cross-promo_landscaping_x_auto
CNT-01317,twitter,2024-06-21,1221,43,twitter,cross-promo_landscaping_x_auto
CNT-01318,twitter,2024-06-19,2010,96,twitter,cross-promo_landscaping_x_auto
CNT-01319,twitter,2024-06-27,1001,79,twitter,cross-promo_landscaping_x_auto
CNT-01320,twitter,2024-06-25,1132,101,twitter,cross-promo_landscaping_x_auto
CNT-01321,twitter,2024-06-06,1895,109,twitter,cross-promo_landscaping_x_auto
CNT-01322,twitter,2024-06-27,1080,36,twitter,cross-promo_landscaping_x_auto
CNT-01323,twitter,2024-06-01,786,92,twitter,cross-promo_landscaping_x_auto
CNT-01324,twitter,2024-06-04,1081,39,twitter,cross-promo_landscaping_x_auto
CNT-01325,twitter,2024-06-07,516,84,twitter,cross-promo_landscaping_x_auto
CNT-01326,twitter,2024-06-28,1342,28,twitter,cross-promo_landscaping_x_auto
CNT-01327,twitter,2024-06-23,791,13,twitter,cross-promo_landscaping_x_auto
CNT-01328,twitter,2024-06-11,821,109,twitter,cross-promo_landscaping_x_auto
CNT-01329,twitter,2024-06-25,1503,35,twitter,cross-promo_landscaping_x_auto
CNT-01330,twitter,2024-06-14,1787,84,twitter,cross-promo_landscaping_x_auto
CNT-01331,twitter,2024-06-20,398,83,,cross-promo_landscaping_x_auto
CNT-01332,twitter,2024-06-06,1132,61,twitter,cross-promo_landscaping_x_auto
CNT-01333,instagram,2024-06-18,4813,209,instagram,
CNT-01334,instagram,2024-06-14,3227,91,instagram,
CNT-01335,instagram,2024-06-06,729,115,instagram,
CNT-01336,instagram,2024-06-10,2523,69,instagram,
CNT-01337,instagram,2024-06-22,4287,51,instagram,
CNT-01338,instagram,2024-06-21,4259,85,instagram,
CNT-01339,instagram,2024-06-17,3667,206,instagram,
CNT-01340,instagram,2024-06-26,2907,126,instagram,
CNT-01341,instagram,2024-06-25,2606,21,instagram,
CNT-01342,instagram,2024-06-17,4834,280,instagram,
CNT-01343,instagram,2024-06-17,2050,89,instagram,
CNT-01344,instagram,2024-06-23,4701,46,instagram,
CNT-01345,instagram,2024-06-25,3938,26,instagram,
CNT-01346,instagram,2024-06-22,3964,189,instagram,
CNT-01347,instagram,2024-06-18,1734,165,instagram,
CNT-01348,instagram,2024-06-27,1474,52,instagram,
CNT-01349,instagram,2024-06-24,4483,207,instagram,
CNT-01350,instagram,2024-06-16,4665,39,instagram,
CNT-01351,newsletter,2024-06-16,3323,1060,newsletter,
CNT-01352,newsletter,2024-06-24,4781,880,,
CNT-01353,newsletter,2024-06-17,2749,1044,newsletter,
CNT-01354,newsletter,2024-06-17,2932,379,newsletter,
CNT-01355,newsletter,2024-06-18,1773,783,newsletter,
CNT-01356,podcast,2024-06-18,1364,326,podcast,podcast_guest_series
CNT-01357,podcast,2024-06-06,1207,153,podcast,podcast_guest_series
CNT-01358,podcast,2024-06-27,1875,65,podcast,podcast_guest_series
CNT-01359,podcast,2024-06-08,1481,153,podcast,podcast_guest_series
CNT-01360,podcast,2024-06-07,3029,310,,podcast_guest_series
CNT-01361,podcast,2024-06-06,2842,286,podcast,podcast_guest_series
CNT-01362,blog,2024-06-18,2376,513,blog,
CNT-01363,blog,2024-06-01,1461,557,blog,
CNT-01364,blog,2024-06-14,1080,127,,
CNT-01365,blog,2024-06-21,3630,517,blog,
CNT-01366,blog,2024-06-03,2140,383,blog,
CNT-01367,blog,2024-06-26,730,351,blog,
CNT-01368,blog,2024-06-08,3310,541,blog,
CNT-01369,blog,2024-06-14,784,430,blog,
